1601,"2015-09-10 00:00:00",Balanced,Normal,Mixed,Organised,Normal,Normal,Normal,Organised,Medium,Press,Normal,Cover
1601,"2014-09-19 00:00:00",Balanced,Normal,Mixed,Organised,Normal,Normal,Normal,Organised,Medium,Press,Normal,Cover
1601,"2013-09-20 00:00:00",Balanced,Little,Mixed,Organised,Normal,Normal,Normal,Organised,Medium,Press,Normal,Cover
1773,"2014-09-19 00:00:00",Balanced,Normal,Mixed,Organised,Normal,Normal,Normal,Organised,Medium,Press,Normal,Cover
1773,"2013-09-20 00:00:00",Balanced,Little,Mixed,Organised,Normal,Normal,Normal,Organised,Medium,Press,Normal,Cover
1957,"2015-09-10 00:00:00",Balanced,Normal,Mixed,Organised,Normal,Little,Normal,Organised,Medium,Press,Normal,Cover
1957,"2014-09-19 00:00:00",Balanced,Normal,Mixed,Organised,Normal,Little,Normal,Organised,Medium,Press,Normal,Cover
1957,"2013-09-20 00:00:00",Balanced,Little,Long,Organised,Normal,Normal,Lots,Organised,Medium,Press,Normal,Cover
2033,"2014-09-19 00:00:00",Balanced,Normal,Mixed,Organised,Normal,Normal,Normal,Organised,Medium,Contain,Normal,Cover
2033,"2013-09-20 00:00:00",Balanced,Little,Mixed,Organised,Normal,Normal,Normal,Free Form,Medium,Contain,Normal,Cover
2182,"2015-09-10 00:00:00",Balanced,Normal,Mixed,Free Form,Normal,Lots,Lots,Free Form,Medium,Press,Normal,Cover
2182,"2014-09-19 00:00:00",Fast,Normal,Mixed,Organised,Normal,Normal,Lots,Organised,Medium,Press,Normal,Cover
2182,"2013-09-20 00:00:00",Fast,Little,Mixed,Organised,Normal,Normal,Lots,Organised,Medium,Press,Normal,Cover
2183,"2013-09-20 00:00:00",Balanced,Little,Mixed,Organised,Normal,Normal,Normal,Organised,Medium,Contain,Normal,Cover
2186,"2015-09-10 00:00:00",Balanced,Normal,Mixed,Organised,Normal,Normal,Little,Organised,Medium,Press,Normal,Cover
2186,"2014-09-19 00:00:00",Balanced,Normal,Mixed,Organised,Normal,Normal,Little,Organised,Medium,Press,Normal,Cover
4087,"2015-09-10 00:00:00",Balanced,Normal,Mixed,Organised,Normal,Normal,Normal,Organised,Medium,Press,Normal,Cover
4087,"2014-09-19 00:00:00",Balanced,Normal,Mixed,Organised,Normal,Normal,Normal,Organised,Medium,Press,Normal,Cover
4087,"2013-09-20 00:00:00",Balanced,Little,Mixed,Organised,Normal,Normal,Normal,Organised,Medium,Press,Normal,Cover
6269,"2014-09-19 00:00:00",Balanced,Normal,Mixed,Organised,Normal,Normal,Normal,Organised,Medium,Press,Normal,Cover
6269,"2013-09-20 00:00:00",Balanced,Little,Mixed,Organised,Normal,Normal,Normal,Organised,Medium,Press,Normal,Cover
6391,"2015-09-10 00:00:00",Balanced,Normal,Mixed,Organised,Normal,Normal,Normal,Organised,Medium,Press,Normal,Cover
6391,"2013-09-20 00:00:00",Balanced,Little,Mixed,Organised,Normal,Normal,Normal,Organised,Medium,Press,Normal,Cover
6403,"2015-09-10 00:00:00",Balanced,Normal,Mixed,Organised,Normal,Normal,Normal,Organised,Medium,Press,Normal,Cover
6403,"2014-09-19 00:00:00",Balanced,Normal,Mixed,Organised,Normal,Normal,Normal,Organised,Medium,Press,Normal,Cover
6403,"2013-09-20 00:00:00",Balanced,Little,Mixed,Organised,Normal,Normal,Normal,Organised,Medium,Press,Normal,Cover
6413,"2015-09-10 00:00:00",Balanced,Normal,Mixed,Organised,Normal,Normal,Normal,Organised,Medium,Press,Normal,Cover
6413,"2014-09-19 00:00:00",Balanced,Normal,Mixed,Organised,Normal,Normal,Normal,Organised,Medium,Press,Normal,Cover
6413,"2013-09-20 00:00:00",Balanced,Little,Mixed,Organised,Normal,Normal,Normal,Organised,Medium,Press,Normal,Cover
6433,"2015-09-10 00:00:00",Balanced,Normal,Mixed,Organised,Normal,Normal,Normal,Organised,Medium,Press,Normal,Cover
6433,"2014-09-19 00:00:00",Balanced,Normal,Mixed,Organised,Normal,Normal,Normal,Organised,Medium,Press,Normal,Cover
6547,"2015-09-10 00:00:00",Balanced,Normal,Mixed,Organised,Normal,Normal,Normal,Organised,Medium,Press,Normal,Cover
6631,"2015-09-10 00:00:00",Balanced,Little,Mixed,Organised,Normal,Normal,Normal,Organised,Medium,Press,Normal,Cover
7730,"2014-09-19 00:00:00",Balanced,Normal,Mixed,Organised,Normal,Normal,Normal,Organised,Medium,Press,Normal,Cover
7730,"2013-09-20 00:00:00",Balanced,Little,Mixed,Organised,Normal,Normal,Normal,Organised,Medium,Press,Normal,Cover
7788,"2015-09-10 00:00:00",Balanced,Normal,Mixed,Organised,Normal,Normal,Normal,Organised,Medium,Press,Normal,Cover
7788,"2014-09-19 00:00:00",Balanced,Normal,Mixed,Organised,Normal,Normal,Normal,Organised,Medium,Press,Normal,Cover
7794,"2015-09-10 00:00:00",Balanced,Normal,Mixed,Organised,Normal,Normal,Normal,Organised,Medium,Press,Normal,Cover
7794,"2014-09-19 00:00:00",Fast,Normal,Mixed,Organised,Normal,Normal,Normal,Organised,Medium,Press,Normal,Cover
7794,"2013-09-20 00:00:00",Balanced,Little,Mixed,Organised,Normal,Normal,Normal,Organised,Medium,Press,Normal,Cover
7819,"2015-09-10 00:00:00",Balanced,Normal,Mixed,Organised,Normal,Normal,Normal,Organised,Medium,Press,Normal,Cover
7819,"2014-09-19 00:00:00",Balanced,Normal,Mixed,Organised,Normal,Normal,Normal,Organised,Medium,Press,Normal,Cover
7819,"2013-09-20 00:00:00",Balanced,Little,Mixed,Organised,Normal,Normal,Normal,Organised,Medium,Press,Normal,Cover
7841,"2015-09-10 00:00:00",Balanced,Normal,Mixed,Organised,Normal,Normal,Normal,Organised,Medium,Press,Normal,Cover
7841,"2014-09-19 00:00:00",Balanced,Normal,Mixed,Organised,Normal,Normal,Normal,Organised,Medium,Press,Normal,Cover
7841,"2013-09-20 00:00:00",Balanced,Little,Mixed,Organised,Normal,Normal,Normal,Organised,Medium,Press,Normal,Cover
7842,"2015-09-10 00:00:00",Balanced,Normal,Mixed,Organised,Normal,Normal,Normal,Organised,Medium,Press,Normal,Cover
7842,"2014-09-19 00:00:00",Balanced,Normal,Mixed,Organised,Normal,Normal,Normal,Organised,Medium,Press,Normal,Cover
7842,"2013-09-20 00:00:00",Balanced,Little,Mixed,Organised,Normal,Normal,Normal,Free Form,Medium,Press,Normal,Cover
7844,"2015-09-10 00:00:00",Balanced,Normal,Mixed,Organised,Normal,Normal,Normal,Organised,Medium,Press,Normal,Cover
7844,"2014-09-19 00:00:00",Balanced,Normal,Mixed,Organised,Normal,Normal,Normal,Organised,Medium,Press,Normal,Cover
7844,"2013-09-20 00:00:00",Balanced,Little,Mixed,Organised,Normal,Lots,Normal,Organised,Medium,Press,Normal,Cover
7869,"2015-09-10 00:00:00",Balanced,Normal,Mixed,Organised,Normal,Normal,Normal,Organised,Medium,Press,Normal,Cover
7869,"2014-09-19 00:00:00",Balanced,Normal,Mixed,Organised,Normal,Normal,Normal,Organised,Medium,Press,Normal,Cover
7869,"2013-09-20 00:00:00",Balanced,Little,Mixed,Organised,Normal,Lots,Normal,Organised,Medium,Press,Normal,Cover
7878,"2015-09-10 00:00:00",Balanced,Normal,Mixed,Organised,Normal,Normal,Normal,Organised,Medium,Press,Normal,Cover
7878,"2014-09-19 00:00:00",Balanced,Normal,Mixed,Organised,Risky,Lots,Normal,Organised,Medium,Press,Normal,Cover
7878,"2013-09-20 00:00:00",Balanced,Little,Mixed,Organised,Risky,Lots,Normal,Organised,Medium,Press,Wide,Cover
7943,"2015-09-10 00:00:00",Balanced,Normal,Mixed,Organised,Normal,Normal,Normal,Organised,Medium,Press,Normal,Cover
7943,"2014-09-19 00:00:00",Balanced,Lots,Mixed,Organised,Normal,Normal,Normal,Organised,Medium,Press,Normal,Offside Trap
7943,"2013-09-20 00:00:00",Balanced,Little,Mixed,Organised,Normal,Normal,Normal,Organised,Medium,Press,Normal,Offside Trap
8019,"2015-09-10 00:00:00",Balanced,Normal,Mixed,Organised,Normal,Normal,Normal,Organised,Medium,Press,Normal,Cover
8021,"2014-09-19 00:00:00",Slow,Normal,Mixed,Organised,Normal,Normal,Normal,Organised,Medium,Press,Normal,Cover
8021,"2013-09-20 00:00:00",Slow,Little,Mixed,Organised,Risky,Normal,Normal,Organised,Medium,Press,Normal,Cover
8023,"2015-09-10 00:00:00",Balanced,Little,Mixed,Organised,Normal,Normal,Normal,Organised,Medium,Press,Normal,Cover
8023,"2014-09-19 00:00:00",Balanced,Normal,Mixed,Free Form,Normal,Normal,Normal,Organised,Medium,Press,Normal,Cover
8023,"2013-09-20 00:00:00",Fast,Little,Mixed,Organised,Normal,Normal,Lots,Organised,Medium,Press,Normal,Cover
8024,"2014-09-19 00:00:00",Balanced,Normal,Long,Organised,Normal,Lots,Normal,Organised,Medium,Press,Normal,Cover
8024,"2013-09-20 00:00:00",Balanced,Little,Mixed,Organised,Normal,Normal,Normal,Organised,Deep,Press,Normal,Cover
8025,"2015-09-10 00:00:00",Balanced,Normal,Mixed,Organised,Normal,Normal,Normal,Organised,Medium,Press,Normal,Cover
8025,"2014-09-19 00:00:00",Balanced,Normal,Mixed,Organised,Normal,Normal,Lots,Organised,Medium,Press,Normal,Cover
8025,"2013-09-20 00:00:00",Balanced,Little,Mixed,Organised,Risky,Little,Lots,Organised,Deep,Contain,Normal,Cover
8027,"2015-09-10 00:00:00",Balanced,Normal,Mixed,Organised,Normal,Normal,Normal,Organised,Medium,Press,Normal,Cover
8027,"2014-09-19 00:00:00",Balanced,Normal,Mixed,Organised,Risky,Normal,Normal,Organised,Medium,Press,Normal,Cover
8028,"2015-09-10 00:00:00",Balanced,Normal,Long,Organised,Normal,Normal,Normal,Organised,Medium,Press,Normal,Cover
8028,"2014-09-19 00:00:00",Balanced,Normal,Long,Organised,Normal,Normal,Normal,Organised,Medium,Press,Normal,Cover
8028,"2013-09-20 00:00:00",Slow,Little,Mixed,Organised,Normal,Normal,Normal,Organised,Deep,Press,Normal,Cover
8030,"2015-09-10 00:00:00",Balanced,Normal,Mixed,Free Form,Normal,Normal,Normal,Organised,Medium,Press,Normal,Cover
8030,"2014-09-19 00:00:00",Balanced,Normal,Mixed,Organised,Normal,Normal,Normal,Organised,Medium,Press,Normal,Cover
8030,"2013-09-20 00:00:00",Balanced,Little,Mixed,Organised,Normal,Normal,Lots,Organised,Medium,Press,Normal,Cover
8033,"2015-09-10 00:00:00",Fast,Normal,Mixed,Organised,Normal,Normal,Normal,Organised,Deep,Press,Normal,Cover
8033,"2014-09-19 00:00:00",Fast,Normal,Mixed,Organised,Normal,Normal,Normal,Organised,Deep,Press,Normal,Cover
8033,"2013-09-20 00:00:00",Balanced,Little,Mixed,Organised,Normal,Normal,Normal,Organised,Medium,Press,Normal,Cover
8066,"2015-09-10 00:00:00",Balanced,Normal,Short,Organised,Normal,Normal,Lots,Free Form,Medium,Press,Normal,Cover
8066,"2014-09-19 00:00:00",Balanced,Normal,Mixed,Organised,Normal,Normal,Normal,Organised,Medium,Press,Normal,Cover
8066,"2013-09-20 00:00:00",Balanced,Little,Mixed,Organised,Normal,Normal,Normal,Organised,Medium,Press,Normal,Cover
8121,"2015-09-10 00:00:00",Balanced,Normal,Mixed,Organised,Normal,Normal,Normal,Organised,Medium,Press,Normal,Cover
8121,"2014-09-19 00:00:00",Balanced,Normal,Mixed,Organised,Normal,Normal,Normal,Organised,Medium,Press,Normal,Cover
8121,"2013-09-20 00:00:00",Balanced,Little,Mixed,Organised,Normal,Normal,Normal,Organised,Medium,Press,Normal,Cover
8152,"2015-09-10 00:00:00",Balanced,Normal,Mixed,Organised,Normal,Normal,Normal,Organised,Medium,Press,Normal,Cover
8152,"2014-09-19 00:00:00",Balanced,Normal,Mixed,Organised,Risky,Normal,Normal,Organised,Medium,Press,Normal,Cover
8152,"2013-09-20 00:00:00",Balanced,Little,Mixed,Organised,Normal,Normal,Normal,Organised,Medium,Press,Normal,Cover
8165,"2015-09-10 00:00:00",Balanced,Normal,Mixed,Organised,Normal,Normal,Normal,Organised,Deep,Press,Normal,Cover
8165,"2014-09-19 00:00:00",Balanced,Normal,Mixed,Organised,Normal,Normal,Normal,Organised,Medium,Press,Normal,Cover
8165,"2013-09-20 00:00:00",Balanced,Little,Mixed,Organised,Normal,Normal,Lots,Organised,Medium,Press,Normal,Cover
8177,"2015-09-10 00:00:00",Balanced,Normal,Mixed,Organised,Normal,Lots,Normal,Organised,Medium,Press,Normal,Cover
8177,"2014-09-19 00:00:00",Fast,Normal,Mixed,Organised,Normal,Normal,Normal,Organised,Medium,Press,Normal,Cover
8177,"2013-09-20 00:00:00",Balanced,Little,Mixed,Organised,Normal,Normal,Normal,Organised,Medium,Press,Normal,Cover
8178,"2015-09-10 00:00:00",Fast,Little,Mixed,Organised,Risky,Normal,Normal,Organised,Medium,Double,Normal,Cover
8178,"2014-09-19 00:00:00",Fast,Little,Mixed,Organised,Normal,Normal,Normal,Organised,Medium,Press,Normal,Cover
8178,"2013-09-20 00:00:00",Balanced,Little,Mixed,Organised,Normal,Normal,Normal,Organised,Medium,Press,Normal,Cover
8191,"2015-09-10 00:00:00",Balanced,Little,Long,Organised,Risky,Normal,Normal,Organised,Medium,Press,Normal,Cover
8191,"2014-09-19 00:00:00",Balanced,Little,Long,Organised,Risky,Normal,Normal,Organised,Medium,Press,Normal,Cover
8191,"2013-09-20 00:00:00",Balanced,Little,Mixed,Organised,Normal,Normal,Normal,Organised,Medium,Press,Normal,Cover
8194,"2015-09-10 00:00:00",Balanced,Normal,Mixed,Organised,Normal,Lots,Normal,Organised,Medium,Press,Normal,Cover
8194,"2014-09-19 00:00:00",Fast,Lots,Mixed,Organised,Normal,Normal,Normal,Organised,Medium,Press,Normal,Cover
8194,"2013-09-20 00:00:00",Balanced,Little,Long,Organised,Normal,Lots,Normal,Organised,Deep,Press,Normal,Cover
8197,"2015-09-10 00:00:00",Balanced,Normal,Mixed,Organised,Normal,Normal,Normal,Organised,Medium,Press,Normal,Cover
8197,"2014-09-19 00:00:00",Balanced,Normal,Mixed,Organised,Normal,Normal,Lots,Organised,Medium,Press,Normal,Cover
8197,"2013-09-20 00:00:00",Balanced,Little,Mixed,Organised,Normal,Normal,Normal,Organised,Medium,Press,Normal,Cover
8203,"2015-09-10 00:00:00",Balanced,Normal,Mixed,Organised,Normal,Normal,Normal,Organised,Medium,Press,Normal,Cover
8203,"2014-09-19 00:00:00",Balanced,Normal,Mixed,Organised,Normal,Normal,Normal,Organised,Medium,Press,Normal,Cover
8203,"2013-09-20 00:00:00",Balanced,Little,Short,Organised,Normal,Normal,Normal,Free Form,Medium,Press,Normal,Cover
8226,"2015-09-10 00:00:00",Fast,Normal,Mixed,Organised,Normal,Normal,Normal,Organised,Medium,Press,Normal,Cover
8226,"2014-09-19 00:00:00",Fast,Normal,Mixed,Organised,Risky,Normal,Normal,Free Form,Medium,Press,Normal,Cover
8226,"2013-09-20 00:00:00",Slow,Little,Mixed,Organised,Normal,Normal,Normal,Organised,Medium,Press,Normal,Cover
8234,"2015-09-10 00:00:00",Balanced,Normal,Mixed,Organised,Normal,Normal,Normal,Organised,Medium,Press,Normal,Cover
8234,"2014-09-19 00:00:00",Balanced,Normal,Mixed,Organised,Normal,Little,Normal,Organised,Medium,Press,Normal,Cover
8234,"2013-09-20 00:00:00",Balanced,Little,Mixed,Organised,Normal,Normal,Normal,Organised,Deep,Press,Normal,Cover
8244,"2014-09-19 00:00:00",Balanced,Normal,Long,Organised,Normal,Lots,Normal,Organised,Medium,Press,Normal,Cover
8244,"2013-09-20 00:00:00",Balanced,Little,Mixed,Organised,Normal,Normal,Normal,Organised,Deep,Press,Normal,Cover
8245,"2015-09-10 00:00:00",Balanced,Lots,Mixed,Organised,Normal,Normal,Normal,Organised,Deep,Press,Normal,Cover
8245,"2014-09-19 00:00:00",Fast,Lots,Mixed,Organised,Normal,Normal,Normal,Organised,Deep,Press,Normal,Cover
8245,"2013-09-20 00:00:00",Fast,Little,Mixed,Organised,Normal,Normal,Lots,Organised,Medium,Press,Normal,Cover
8262,"2015-09-10 00:00:00",Balanced,Normal,Long,Organised,Normal,Lots,Normal,Organised,Deep,Press,Normal,Cover
8277,"2015-09-10 00:00:00",Balanced,Normal,Mixed,Free Form,Normal,Normal,Lots,Free Form,Medium,Press,Normal,Cover
8277,"2014-09-19 00:00:00",Balanced,Normal,Short,Organised,Normal,Normal,Normal,Organised,Medium,Press,Normal,Cover
8277,"2013-09-20 00:00:00",Balanced,Little,Mixed,Organised,Normal,Normal,Normal,Organised,Medium,Press,Normal,Cover
8284,"2015-09-10 00:00:00",Balanced,Normal,Mixed,Organised,Safe,Normal,Normal,Organised,Medium,Press,Normal,Cover
8284,"2013-09-20 00:00:00",Balanced,Little,Mixed,Organised,Normal,Normal,Normal,Organised,Medium,Press,Normal,Cover
8295,"2015-09-10 00:00:00",Balanced,Normal,Mixed,Organised,Normal,Normal,Normal,Organised,Medium,Press,Normal,Cover
8295,"2014-09-19 00:00:00",Balanced,Normal,Mixed,Organised,Normal,Normal,Normal,Organised,Deep,Press,Normal,Cover
8302,"2015-09-10 00:00:00",Balanced,Normal,Mixed,Organised,Normal,Normal,Normal,Organised,Medium,Press,Normal,Cover
8302,"2014-09-19 00:00:00",Balanced,Normal,Mixed,Organised,Normal,Normal,Normal,Organised,Medium,Press,Normal,Cover
8302,"2013-09-20 00:00:00",Balanced,Little,Mixed,Organised,Normal,Normal,Normal,Organised,Medium,Press,Normal,Cover
8305,"2015-09-10 00:00:00",Balanced,Normal,Mixed,Organised,Normal,Normal,Normal,Organised,Medium,Press,Normal,Cover
8305,"2014-09-19 00:00:00",Balanced,Normal,Mixed,Organised,Normal,Normal,Normal,Organised,Medium,Press,Normal,Cover
8305,"2013-09-20 00:00:00",Slow,Little,Mixed,Organised,Normal,Normal,Normal,Organised,Medium,Press,Normal,Cover
8306,"2015-09-10 00:00:00",Balanced,Normal,Mixed,Organised,Normal,Normal,Normal,Organised,Medium,Press,Normal,Cover
8306,"2014-09-19 00:00:00",Balanced,Normal,Mixed,Organised,Normal,Normal,Normal,Organised,Medium,Press,Normal,Cover
8306,"2013-09-20 00:00:00",Balanced,Little,Mixed,Organised,Normal,Normal,Normal,Organised,Medium,Press,Normal,Cover
8315,"2015-09-10 00:00:00",Balanced,Normal,Mixed,Organised,Normal,Normal,Normal,Free Form,Medium,Press,Normal,Cover
8315,"2014-09-19 00:00:00",Balanced,Normal,Mixed,Organised,Normal,Lots,Normal,Organised,Medium,Press,Normal,Cover
8315,"2013-09-20 00:00:00",Balanced,Little,Mixed,Organised,Normal,Lots,Normal,Free Form,Medium,Press,Wide,Cover
8342,"2015-09-10 00:00:00",Balanced,Normal,Mixed,Organised,Normal,Normal,Normal,Organised,Medium,Press,Normal,Cover
8342,"2014-09-19 00:00:00",Balanced,Normal,Mixed,Organised,Normal,Normal,Normal,Organised,Medium,Press,Normal,Cover
8342,"2013-09-20 00:00:00",Balanced,Little,Mixed,Organised,Normal,Normal,Normal,Organised,Medium,Press,Normal,Cover
8344,"2015-09-10 00:00:00",Balanced,Normal,Long,Organised,Normal,Normal,Normal,Organised,Deep,Press,Normal,Cover
8344,"2014-09-19 00:00:00",Balanced,Little,Mixed,Organised,Normal,Normal,Normal,Organised,Deep,Press,Normal,Cover
8344,"2013-09-20 00:00:00",Balanced,Little,Long,Organised,Normal,Normal,Normal,Organised,Medium,Press,Normal,Cover
8348,"2015-09-10 00:00:00",Balanced,Normal,Mixed,Organised,Normal,Normal,Normal,Organised,Medium,Press,Normal,Cover
8348,"2013-09-20 00:00:00",Balanced,Little,Mixed,Organised,Normal,Normal,Normal,Organised,Medium,Press,Normal,Cover
8350,"2015-09-10 00:00:00",Balanced,Normal,Mixed,Organised,Normal,Normal,Normal,Organised,Medium,Press,Normal,Cover
8350,"2014-09-19 00:00:00",Balanced,Normal,Mixed,Organised,Normal,Lots,Normal,Organised,Medium,Press,Normal,Cover
8350,"2013-09-20 00:00:00",Balanced,Little,Mixed,Organised,Normal,Normal,Normal,Organised,Medium,Press,Normal,Cover
8357,"2015-09-10 00:00:00",Balanced,Normal,Mixed,Organised,Normal,Normal,Normal,Organised,Medium,Press,Normal,Cover
8357,"2014-09-19 00:00:00",Balanced,Normal,Mixed,Organised,Normal,Normal,Normal,Organised,Medium,Press,Normal,Cover
8357,"2013-09-20 00:00:00",Balanced,Little,Mixed,Organised,Normal,Normal,Normal,Organised,Medium,Press,Narrow,Cover
8358,"2015-09-10 00:00:00",Balanced,Normal,Mixed,Organised,Normal,Normal,Normal,Free Form,Medium,Press,Narrow,Cover
8358,"2014-09-19 00:00:00",Balanced,Normal,Mixed,Organised,Normal,Little,Normal,Free Form,Medium,Press,Normal,Cover
8358,"2013-09-20 00:00:00",Balanced,Little,Mixed,Organised,Normal,Normal,Normal,Free Form,Medium,Press,Normal,Cover
8370,"2015-09-10 00:00:00",Slow,Normal,Mixed,Organised,Normal,Normal,Normal,Organised,Medium,Press,Normal,Cover
8370,"2014-09-19 00:00:00",Balanced,Normal,Mixed,Organised,Normal,Normal,Normal,Organised,Medium,Press,Normal,Cover
8370,"2013-09-20 00:00:00",Balanced,Little,Mixed,Free Form,Normal,Normal,Normal,Organised,Medium,Press,Normal,Cover
8371,"2015-09-10 00:00:00",Balanced,Normal,Mixed,Organised,Normal,Normal,Normal,Organised,Medium,Press,Wide,Cover
8371,"2014-09-19 00:00:00",Balanced,Normal,Mixed,Organised,Normal,Normal,Normal,Organised,Medium,Press,Normal,Cover
8371,"2013-09-20 00:00:00",Balanced,Little,Mixed,Organised,Normal,Normal,Normal,Organised,Medium,Press,Wide,Cover
8372,"2015-09-10 00:00:00",Balanced,Normal,Mixed,Organised,Normal,Normal,Normal,Organised,Medium,Press,Normal,Cover
8372,"2014-09-19 00:00:00",Balanced,Normal,Mixed,Organised,Normal,Normal,Normal,Organised,Medium,Press,Normal,Cover
8388,"2015-09-10 00:00:00",Balanced,Normal,Mixed,Organised,Normal,Normal,Normal,Organised,Medium,Press,Normal,Cover
8388,"2014-09-19 00:00:00",Balanced,Normal,Mixed,Organised,Normal,Normal,Normal,Organised,Medium,Press,Normal,Cover
8388,"2013-09-20 00:00:00",Balanced,Little,Mixed,Organised,Normal,Normal,Normal,Organised,Medium,Press,Normal,Cover
8394,"2015-09-10 00:00:00",Balanced,Normal,Mixed,Organised,Normal,Normal,Normal,Organised,Medium,Press,Normal,Cover
8394,"2014-09-19 00:00:00",Balanced,Normal,Mixed,Organised,Normal,Normal,Normal,Organised,Medium,Press,Normal,Cover
8394,"2013-09-20 00:00:00",Balanced,Little,Short,Organised,Normal,Normal,Normal,Organised,Medium,Press,Normal,Cover
8398,"2014-09-19 00:00:00",Balanced,Normal,Mixed,Organised,Normal,Lots,Normal,Organised,Medium,Press,Normal,Cover
8398,"2013-09-20 00:00:00",Balanced,Little,Mixed,Organised,Normal,Lots,Normal,Organised,Medium,Press,Normal,Cover
8406,"2015-09-10 00:00:00",Balanced,Normal,Mixed,Organised,Normal,Normal,Normal,Organised,Medium,Press,Normal,Cover
8406,"2014-09-19 00:00:00",Balanced,Normal,Long,Organised,Normal,Normal,Normal,Organised,Medium,Press,Normal,Cover
8406,"2013-09-20 00:00:00",Balanced,Little,Mixed,Organised,Normal,Lots,Normal,Organised,Deep,Press,Normal,Cover
8426,"2015-09-10 00:00:00",Balanced,Normal,Mixed,Organised,Normal,Normal,Normal,Organised,Medium,Press,Normal,Cover
8426,"2014-09-19 00:00:00",Balanced,Normal,Mixed,Organised,Normal,Normal,Normal,Organised,Medium,Press,Normal,Cover
8429,"2015-09-10 00:00:00",Balanced,Normal,Mixed,Free Form,Risky,Normal,Lots,Organised,Medium,Press,Normal,Cover
8455,"2015-09-10 00:00:00",Fast,Normal,Mixed,Organised,Normal,Normal,Normal,Organised,Medium,Press,Normal,Cover
8455,"2014-09-19 00:00:00",Fast,Normal,Mixed,Organised,Normal,Normal,Lots,Organised,Medium,Press,Normal,Cover
8455,"2013-09-20 00:00:00",Balanced,Little,Mixed,Organised,Normal,Normal,Normal,Organised,Medium,Press,Normal,Cover
8456,"2015-09-10 00:00:00",Balanced,Normal,Short,Free Form,Normal,Normal,Little,Free Form,Medium,Press,Normal,Cover
8456,"2014-09-19 00:00:00",Balanced,Normal,Short,Organised,Safe,Normal,Normal,Organised,Medium,Press,Normal,Cover
8456,"2013-09-20 00:00:00",Balanced,Little,Mixed,Organised,Normal,Normal,Normal,Free Form,Medium,Press,Normal,Cover
8460,"2015-09-10 00:00:00",Fast,Normal,Mixed,Organised,Normal,Normal,Normal,Organised,Deep,Contain,Normal,Cover
8460,"2014-09-19 00:00:00",Fast,Normal,Mixed,Organised,Normal,Normal,Normal,Organised,Deep,Press,Normal,Cover
8460,"2013-09-20 00:00:00",Fast,Little,Mixed,Organised,Normal,Normal,Lots,Organised,Medium,Press,Normal,Cover
8462,"2015-09-10 00:00:00",Balanced,Little,Mixed,Organised,Normal,Normal,Normal,Organised,Medium,Press,Normal,Cover
8462,"2014-09-19 00:00:00",Balanced,Little,Mixed,Organised,Normal,Normal,Normal,Organised,Medium,Press,Normal,Cover
8462,"2013-09-20 00:00:00",Fast,Little,Mixed,Organised,Normal,Normal,Normal,Organised,Medium,Press,Normal,Cover
8464,"2014-09-19 00:00:00",Balanced,Normal,Mixed,Organised,Normal,Normal,Normal,Organised,Medium,Press,Normal,Cover
8464,"2013-09-20 00:00:00",Balanced,Little,Mixed,Organised,Normal,Normal,Normal,Organised,Medium,Press,Normal,Cover
8466,"2015-09-10 00:00:00",Balanced,Little,Mixed,Organised,Normal,Normal,Little,Organised,Medium,Press,Normal,Cover
8466,"2014-09-19 00:00:00",Balanced,Normal,Mixed,Organised,Normal,Normal,Normal,Free Form,Medium,Press,Normal,Cover
8466,"2013-09-20 00:00:00",Balanced,Little,Mixed,Organised,Normal,Normal,Normal,Free Form,Medium,Press,Normal,Cover
8467,"2015-09-10 00:00:00",Balanced,Normal,Mixed,Organised,Normal,Normal,Normal,Organised,Medium,Press,Normal,Cover
8467,"2014-09-19 00:00:00",Balanced,Normal,Mixed,Organised,Normal,Normal,Normal,Organised,Medium,Press,Normal,Cover
8467,"2013-09-20 00:00:00",Balanced,Little,Mixed,Organised,Normal,Normal,Normal,Organised,Medium,Press,Normal,Cover
8472,"2015-09-10 00:00:00",Balanced,Normal,Mixed,Organised,Normal,Normal,Normal,Organised,Medium,Press,Normal,Cover
8472,"2014-09-19 00:00:00",Balanced,Little,Mixed,Organised,Normal,Normal,Normal,Organised,Medium,Press,Normal,Cover
8472,"2013-09-20 00:00:00",Balanced,Little,Mixed,Organised,Normal,Little,Lots,Organised,Medium,Press,Normal,Cover
8475,"2015-09-10 00:00:00",Balanced,Normal,Mixed,Organised,Normal,Normal,Normal,Organised,Deep,Contain,Normal,Cover
8475,"2014-09-19 00:00:00",Balanced,Normal,Mixed,Organised,Safe,Little,Normal,Organised,Deep,Press,Normal,Cover
8475,"2013-09-20 00:00:00",Balanced,Little,Mixed,Organised,Normal,Little,Normal,Free Form,Deep,Press,Normal,Cover
8479,"2015-09-10 00:00:00",Balanced,Normal,Mixed,Organised,Safe,Normal,Normal,Organised,Medium,Press,Normal,Cover
8479,"2014-09-19 00:00:00",Balanced,Normal,Mixed,Organised,Normal,Normal,Normal,Organised,Medium,Press,Normal,Cover
8479,"2013-09-20 00:00:00",Balanced,Little,Mixed,Organised,Normal,Normal,Little,Organised,Medium,Press,Normal,Cover
8481,"2015-09-10 00:00:00",Balanced,Normal,Mixed,Organised,Normal,Normal,Lots,Organised,Medium,Press,Normal,Cover
8481,"2014-09-19 00:00:00",Balanced,Normal,Mixed,Organised,Normal,Normal,Lots,Organised,Medium,Press,Normal,Cover
8481,"2013-09-20 00:00:00",Balanced,Little,Mixed,Organised,Normal,Normal,Lots,Organised,Medium,Press,Normal,Cover
8483,"2015-09-10 00:00:00",Balanced,Normal,Mixed,Organised,Normal,Normal,Normal,Organised,Medium,Press,Normal,Cover
8483,"2014-09-19 00:00:00",Fast,Normal,Long,Organised,Risky,Normal,Normal,Organised,Medium,Press,Normal,Cover
8483,"2013-09-20 00:00:00",Balanced,Little,Mixed,Organised,Normal,Normal,Normal,Organised,Medium,Press,Normal,Cover
8485,"2015-09-10 00:00:00",Balanced,Normal,Mixed,Organised,Normal,Lots,Normal,Free Form,Medium,Press,Normal,Cover
8485,"2014-09-19 00:00:00",Balanced,Normal,Mixed,Organised,Normal,Lots,Normal,Organised,Medium,Press,Normal,Cover
8485,"2013-09-20 00:00:00",Balanced,Little,Mixed,Organised,Normal,Normal,Normal,Organised,Medium,Press,Normal,Cover
8521,"2015-09-10 00:00:00",Balanced,Normal,Mixed,Organised,Normal,Normal,Normal,Organised,Medium,Press,Normal,Cover
8521,"2014-09-19 00:00:00",Balanced,Normal,Mixed,Organised,Normal,Normal,Normal,Organised,Medium,Press,Normal,Cover
8521,"2013-09-20 00:00:00",Balanced,Little,Mixed,Organised,Normal,Normal,Normal,Organised,Medium,Press,Normal,Cover
8524,"2015-09-10 00:00:00",Balanced,Normal,Mixed,Organised,Normal,Normal,Normal,Organised,Medium,Press,Normal,Cover
8524,"2014-09-19 00:00:00",Balanced,Normal,Mixed,Organised,Normal,Normal,Normal,Organised,Medium,Press,Normal,Cover
8524,"2013-09-20 00:00:00",Balanced,Little,Mixed,Organised,Normal,Normal,Normal,Free Form,Medium,Press,Normal,Cover
8525,"2015-09-10 00:00:00",Balanced,Normal,Mixed,Organised,Normal,Normal,Normal,Organised,Medium,Press,Normal,Cover
8525,"2013-09-20 00:00:00",Balanced,Little,Mixed,Organised,Normal,Normal,Normal,Organised,Medium,Press,Normal,Cover
8528,"2015-09-10 00:00:00",Balanced,Normal,Mixed,Organised,Normal,Normal,Normal,Organised,Medium,Press,Normal,Cover
8528,"2014-09-19 00:00:00",Balanced,Normal,Mixed,Organised,Normal,Normal,Normal,Organised,Medium,Press,Normal,Cover
8528,"2013-09-20 00:00:00",Balanced,Little,Mixed,Organised,Normal,Normal,Normal,Free Form,Medium,Press,Normal,Cover
8529,"2015-09-10 00:00:00",Fast,Little,Mixed,Organised,Risky,Normal,Lots,Free Form,Medium,Press,Normal,Offside Trap
8529,"2014-09-19 00:00:00",Balanced,Normal,Mixed,Organised,Safe,Normal,Lots,Organised,Medium,Press,Normal,Cover
8529,"2013-09-20 00:00:00",Balanced,Little,Mixed,Organised,Normal,Normal,Normal,Free Form,Medium,Press,Normal,Cover
8530,"2015-09-10 00:00:00",Fast,Normal,Mixed,Organised,Normal,Normal,Normal,Organised,Deep,Press,Normal,Cover
8530,"2014-09-19 00:00:00",Fast,Normal,Mixed,Organised,Normal,Normal,Normal,Organised,Deep,Double,Normal,Cover
8530,"2013-09-20 00:00:00",Fast,Little,Mixed,Free Form,Risky,Normal,Normal,Organised,Medium,Press,Normal,Cover
8533,"2015-09-10 00:00:00",Balanced,Normal,Long,Organised,Normal,Normal,Normal,Organised,Medium,Press,Normal,Cover
8533,"2014-09-19 00:00:00",Balanced,Normal,Long,Organised,Normal,Normal,Normal,Organised,Medium,Press,Normal,Cover
8533,"2013-09-20 00:00:00",Balanced,Little,Long,Organised,Normal,Normal,Normal,Free Form,Deep,Press,Normal,Cover
8534,"2015-09-10 00:00:00",Balanced,Normal,Mixed,Organised,Normal,Normal,Normal,Organised,Medium,Press,Normal,Cover
8534,"2014-09-19 00:00:00",Balanced,Normal,Mixed,Organised,Normal,Lots,Normal,Organised,Medium,Press,Normal,Cover
8534,"2013-09-20 00:00:00",Balanced,Little,Mixed,Organised,Normal,Normal,Normal,Organised,Medium,Press,Normal,Cover
8535,"2015-09-10 00:00:00",Balanced,Normal,Short,Organised,Risky,Normal,Normal,Organised,Medium,Press,Normal,Cover
8535,"2014-09-19 00:00:00",Balanced,Normal,Short,Organised,Risky,Normal,Normal,Organised,Medium,Press,Wide,Cover
8535,"2013-09-20 00:00:00",Balanced,Little,Mixed,Organised,Normal,Normal,Normal,Organised,Medium,Press,Normal,Cover
8537,"2015-09-10 00:00:00",Balanced,Normal,Long,Organised,Normal,Little,Lots,Organised,Deep,Press,Normal,Cover
8537,"2014-09-19 00:00:00",Balanced,Normal,Long,Organised,Normal,Little,Lots,Organised,Deep,Press,Narrow,Cover
8537,"2013-09-20 00:00:00",Balanced,Little,Mixed,Organised,Normal,Normal,Normal,Free Form,Medium,Press,Normal,Cover
8540,"2015-09-10 00:00:00",Balanced,Normal,Mixed,Organised,Normal,Normal,Normal,Organised,Medium,Press,Normal,Cover
8540,"2014-09-19 00:00:00",Balanced,Normal,Mixed,Organised,Normal,Normal,Normal,Organised,Medium,Press,Normal,Cover
8540,"2013-09-20 00:00:00",Balanced,Little,Mixed,Free Form,Normal,Normal,Normal,Free Form,Medium,Press,Normal,Cover
8543,"2015-09-10 00:00:00",Fast,Normal,Mixed,Organised,Risky,Lots,Lots,Free Form,Medium,Press,Normal,Cover
8543,"2014-09-19 00:00:00",Balanced,Lots,Mixed,Organised,Risky,Normal,Lots,Organised,Medium,Press,Normal,Cover
8543,"2013-09-20 00:00:00",Balanced,Little,Mixed,Organised,Risky,Normal,Lots,Free Form,Medium,Press,Normal,Cover
8548,"2015-09-10 00:00:00",Balanced,Normal,Mixed,Organised,Normal,Normal,Normal,Organised,Medium,Press,Normal,Cover
8548,"2014-09-19 00:00:00",Balanced,Normal,Mixed,Organised,Normal,Normal,Normal,Organised,Medium,Press,Normal,Cover
8548,"2013-09-20 00:00:00",Balanced,Little,Mixed,Organised,Normal,Normal,Normal,Organised,Medium,Press,Normal,Cover
8549,"2015-09-10 00:00:00",Balanced,Little,Mixed,Organised,Normal,Normal,Normal,Organised,Medium,Press,Normal,Cover
8549,"2014-09-19 00:00:00",Balanced,Little,Mixed,Organised,Normal,Normal,Lots,Organised,Medium,Press,Normal,Cover
8549,"2013-09-20 00:00:00",Balanced,Little,Mixed,Organised,Normal,Normal,Normal,Organised,Medium,Press,Normal,Cover
8550,"2015-09-10 00:00:00",Balanced,Normal,Mixed,Organised,Normal,Normal,Normal,Organised,Medium,Press,Normal,Cover
8550,"2014-09-19 00:00:00",Balanced,Normal,Mixed,Organised,Normal,Normal,Normal,Organised,Medium,Press,Normal,Cover
8551,"2014-09-19 00:00:00",Balanced,Normal,Mixed,Organised,Normal,Lots,Normal,Organised,Medium,Press,Normal,Cover
8551,"2013-09-20 00:00:00",Balanced,Little,Mixed,Organised,Normal,Normal,Normal,Free Form,Medium,Press,Normal,Cover
8558,"2015-09-10 00:00:00",Balanced,Normal,Mixed,Organised,Normal,Normal,Normal,Free Form,Medium,Press,Normal,Cover
8558,"2014-09-19 00:00:00",Balanced,Normal,Mixed,Organised,Normal,Normal,Normal,Organised,Medium,Press,Normal,Cover
8558,"2013-09-20 00:00:00",Balanced,Little,Mixed,Organised,Normal,Normal,Normal,Free Form,Medium,Press,Normal,Cover
8559,"2015-09-10 00:00:00",Balanced,Normal,Mixed,Organised,Risky,Normal,Normal,Organised,Medium,Press,Normal,Cover
8559,"2014-09-19 00:00:00",Balanced,Normal,Long,Organised,Risky,Normal,Normal,Organised,Medium,Press,Normal,Cover
8559,"2013-09-20 00:00:00",Balanced,Little,Mixed,Organised,Normal,Normal,Normal,Organised,Medium,Press,Normal,Cover
8560,"2015-09-10 00:00:00",Balanced,Normal,Mixed,Organised,Normal,Normal,Normal,Organised,Medium,Press,Normal,Cover
8560,"2014-09-19 00:00:00",Balanced,Normal,Mixed,Organised,Normal,Normal,Normal,Organised,Medium,Press,Normal,Cover
8560,"2013-09-20 00:00:00",Slow,Little,Mixed,Organised,Normal,Normal,Normal,Organised,Medium,Press,Wide,Cover
8564,"2015-09-10 00:00:00",Balanced,Lots,Mixed,Organised,Normal,Normal,Lots,Organised,Medium,Press,Normal,Cover
8564,"2014-09-19 00:00:00",Balanced,Lots,Mixed,Organised,Normal,Normal,Lots,Organised,Medium,Press,Normal,Cover
8564,"2013-09-20 00:00:00",Balanced,Little,Mixed,Organised,Normal,Normal,Normal,Free Form,Medium,Press,Normal,Cover
8569,"2015-09-10 00:00:00",Balanced,Normal,Mixed,Organised,Normal,Normal,Normal,Organised,Medium,Press,Normal,Cover
8569,"2013-09-20 00:00:00",Balanced,Little,Mixed,Organised,Normal,Normal,Normal,Organised,Medium,Press,Normal,Cover
8571,"2015-09-10 00:00:00",Balanced,Normal,Mixed,Organised,Normal,Lots,Little,Organised,Medium,Press,Normal,Cover
8571,"2014-09-19 00:00:00",Balanced,Normal,Mixed,Organised,Normal,Lots,Little,Organised,Medium,Press,Normal,Cover
8571,"2013-09-20 00:00:00",Balanced,Little,Mixed,Organised,Normal,Lots,Little,Organised,Medium,Press,Normal,Cover
8573,"2015-09-10 00:00:00",Balanced,Normal,Mixed,Organised,Normal,Normal,Normal,Organised,Medium,Press,Normal,Cover
8573,"2014-09-19 00:00:00",Balanced,Normal,Mixed,Organised,Normal,Normal,Normal,Organised,Medium,Press,Normal,Cover
8576,"2015-09-10 00:00:00",Balanced,Normal,Mixed,Organised,Normal,Normal,Normal,Organised,Medium,Press,Normal,Cover
8576,"2014-09-19 00:00:00",Balanced,Normal,Mixed,Organised,Normal,Normal,Normal,Organised,Medium,Press,Normal,Cover
8576,"2013-09-20 00:00:00",Balanced,Little,Mixed,Organised,Normal,Normal,Normal,Organised,Medium,Press,Normal,Cover
8581,"2015-09-10 00:00:00",Balanced,Normal,Mixed,Organised,Risky,Normal,Normal,Organised,Medium,Contain,Normal,Cover
8581,"2014-09-19 00:00:00",Balanced,Normal,Mixed,Organised,Normal,Normal,Normal,Organised,Medium,Press,Normal,Cover
8581,"2013-09-20 00:00:00",Balanced,Little,Mixed,Organised,Normal,Normal,Normal,Organised,Medium,Press,Normal,Cover
8583,"2015-09-10 00:00:00",Balanced,Normal,Mixed,Organised,Normal,Normal,Normal,Organised,Medium,Press,Normal,Cover
8583,"2014-09-19 00:00:00",Balanced,Normal,Mixed,Organised,Normal,Normal,Normal,Organised,Medium,Press,Normal,Cover
8583,"2013-09-20 00:00:00",Balanced,Little,Mixed,Organised,Normal,Normal,Normal,Organised,Medium,Press,Normal,Cover
8586,"2015-09-10 00:00:00",Balanced,Normal,Mixed,Organised,Normal,Normal,Normal,Organised,Medium,Press,Normal,Cover
8586,"2014-09-19 00:00:00",Balanced,Normal,Mixed,Organised,Normal,Normal,Normal,Organised,Medium,Press,Normal,Cover
8586,"2013-09-20 00:00:00",Balanced,Little,Mixed,Organised,Normal,Normal,Lots,Organised,Medium,Press,Normal,Cover
8588,"2015-09-10 00:00:00",Balanced,Normal,Mixed,Organised,Normal,Normal,Normal,Organised,Medium,Press,Normal,Cover
8588,"2014-09-19 00:00:00",Balanced,Normal,Mixed,Organised,Normal,Normal,Normal,Organised,Medium,Press,Normal,Cover
8588,"2013-09-20 00:00:00",Balanced,Little,Mixed,Organised,Normal,Normal,Normal,Organised,Medium,Press,Normal,Cover
8592,"2015-09-10 00:00:00",Balanced,Lots,Mixed,Organised,Normal,Lots,Little,Organised,Medium,Press,Normal,Cover
8592,"2014-09-19 00:00:00",Balanced,Normal,Mixed,Organised,Normal,Lots,Lots,Organised,Medium,Press,Normal,Cover
8592,"2013-09-20 00:00:00",Balanced,Little,Mixed,Organised,Normal,Lots,Normal,Organised,Medium,Press,Normal,Cover
8593,"2015-09-10 00:00:00",Balanced,Normal,Mixed,Organised,Normal,Normal,Little,Free Form,Medium,Press,Normal,Cover
8593,"2014-09-19 00:00:00",Balanced,Normal,Short,Organised,Normal,Normal,Normal,Free Form,Medium,Press,Normal,Cover
8593,"2013-09-20 00:00:00",Balanced,Little,Short,Free Form,Normal,Normal,Normal,Free Form,High,Press,Normal,Cover
8597,"2015-09-10 00:00:00",Balanced,Normal,Mixed,Organised,Normal,Normal,Normal,Organised,Medium,Press,Normal,Cover
8597,"2014-09-19 00:00:00",Balanced,Normal,Mixed,Organised,Normal,Normal,Normal,Organised,Medium,Press,Normal,Cover
8597,"2013-09-20 00:00:00",Balanced,Little,Mixed,Organised,Normal,Normal,Normal,Organised,Medium,Press,Normal,Cover
8600,"2015-09-10 00:00:00",Fast,Normal,Mixed,Organised,Risky,Lots,Normal,Organised,Medium,Press,Normal,Cover
8600,"2014-09-19 00:00:00",Fast,Lots,Mixed,Organised,Risky,Lots,Normal,Organised,Medium,Press,Normal,Cover
8600,"2013-09-20 00:00:00",Fast,Little,Mixed,Free Form,Risky,Lots,Normal,Free Form,Medium,Press,Normal,Cover
8602,"2015-09-10 00:00:00",Balanced,Normal,Mixed,Organised,Normal,Normal,Normal,Organised,Medium,Press,Normal,Cover
8602,"2014-09-19 00:00:00",Balanced,Little,Mixed,Organised,Normal,Normal,Normal,Organised,Medium,Press,Normal,Cover
8602,"2013-09-20 00:00:00",Balanced,Little,Mixed,Organised,Normal,Lots,Normal,Organised,Medium,Press,Normal,Cover
8603,"2015-09-10 00:00:00",Balanced,Normal,Mixed,Organised,Normal,Normal,Normal,Organised,Medium,Press,Normal,Cover
8603,"2014-09-19 00:00:00",Balanced,Normal,Mixed,Organised,Normal,Normal,Normal,Organised,Medium,Press,Normal,Cover
8603,"2013-09-20 00:00:00",Balanced,Little,Mixed,Organised,Normal,Normal,Normal,Organised,Medium,Press,Normal,Cover
8611,"2015-09-10 00:00:00",Balanced,Normal,Mixed,Organised,Normal,Normal,Normal,Organised,Medium,Press,Normal,Cover
8611,"2014-09-19 00:00:00",Balanced,Normal,Mixed,Organised,Normal,Normal,Normal,Organised,Medium,Press,Normal,Cover
8611,"2013-09-20 00:00:00",Balanced,Little,Mixed,Organised,Normal,Normal,Normal,Free Form,Medium,Press,Normal,Cover
8613,"2015-09-10 00:00:00",Balanced,Normal,Mixed,Organised,Normal,Normal,Normal,Organised,Deep,Press,Normal,Cover
8633,"2015-09-10 00:00:00",Balanced,Normal,Mixed,Free Form,Normal,Normal,Normal,Free Form,Medium,Press,Normal,Cover
8633,"2014-09-19 00:00:00",Balanced,Normal,Mixed,Organised,Risky,Normal,Lots,Free Form,Medium,Press,Normal,Cover
8633,"2013-09-20 00:00:00",Balanced,Little,Mixed,Organised,Risky,Normal,Lots,Free Form,Medium,Press,Normal,Cover
8634,"2015-09-10 00:00:00",Balanced,Normal,Mixed,Free Form,Normal,Normal,Normal,Free Form,Medium,Press,Normal,Cover
8634,"2014-09-19 00:00:00",Balanced,Normal,Short,Free Form,Normal,Little,Normal,Free Form,Medium,Press,Normal,Cover
8634,"2013-09-20 00:00:00",Balanced,Little,Short,Free Form,Normal,Little,Normal,Free Form,Medium,Press,Normal,Cover
8635,"2015-09-10 00:00:00",Balanced,Normal,Mixed,Organised,Normal,Normal,Normal,Organised,Medium,Press,Normal,Cover
8635,"2014-09-19 00:00:00",Balanced,Normal,Mixed,Organised,Normal,Normal,Normal,Organised,Medium,Press,Normal,Cover
8635,"2013-09-20 00:00:00",Balanced,Little,Mixed,Organised,Risky,Lots,Normal,Organised,Medium,Press,Normal,Cover
8636,"2015-09-10 00:00:00",Balanced,Lots,Mixed,Organised,Normal,Normal,Normal,Organised,Medium,Press,Normal,Cover
8636,"2014-09-19 00:00:00",Fast,Normal,Long,Organised,Risky,Lots,Normal,Organised,Deep,Press,Normal,Cover
8636,"2013-09-20 00:00:00",Fast,Little,Long,Organised,Risky,Normal,Normal,Free Form,Medium,Press,Normal,Cover
8639,"2015-09-10 00:00:00",Balanced,Normal,Mixed,Organised,Risky,Normal,Normal,Organised,Medium,Press,Normal,Cover
8639,"2014-09-19 00:00:00",Balanced,Normal,Mixed,Organised,Risky,Normal,Normal,Organised,Medium,Press,Normal,Cover
8639,"2013-09-20 00:00:00",Balanced,Little,Mixed,Organised,Normal,Normal,Normal,Organised,Medium,Press,Normal,Cover
8640,"2015-09-10 00:00:00",Fast,Normal,Mixed,Organised,Normal,Normal,Little,Organised,Medium,Press,Normal,Cover
8640,"2014-09-19 00:00:00",Fast,Normal,Mixed,Organised,Normal,Normal,Normal,Organised,Medium,Press,Normal,Cover
8640,"2013-09-20 00:00:00",Balanced,Little,Mixed,Organised,Normal,Normal,Normal,Organised,Medium,Press,Normal,Cover
8649,"2015-09-10 00:00:00",Balanced,Normal,Mixed,Organised,Normal,Normal,Normal,Organised,Medium,Press,Normal,Cover
8649,"2014-09-19 00:00:00",Balanced,Normal,Mixed,Organised,Normal,Normal,Normal,Organised,Medium,Press,Normal,Cover
8649,"2013-09-20 00:00:00",Balanced,Little,Mixed,Organised,Normal,Normal,Normal,Organised,Medium,Press,Normal,Cover
8650,"2015-09-10 00:00:00",Balanced,Normal,Mixed,Organised,Normal,Normal,Normal,Organised,Medium,Press,Normal,Cover
8650,"2014-09-19 00:00:00",Fast,Normal,Short,Organised,Normal,Normal,Normal,Organised,Medium,Press,Normal,Cover
8650,"2013-09-20 00:00:00",Balanced,Little,Mixed,Organised,Normal,Normal,Normal,Organised,Medium,Press,Normal,Cover
8654,"2015-09-10 00:00:00",Fast,Normal,Mixed,Organised,Risky,Lots,Little,Organised,Deep,Press,Normal,Cover
8654,"2014-09-19 00:00:00",Fast,Normal,Long,Organised,Risky,Lots,Little,Organised,Deep,Press,Normal,Cover
8654,"2013-09-20 00:00:00",Fast,Little,Long,Organised,Normal,Lots,Little,Organised,Deep,Press,Normal,Cover
8655,"2015-09-10 00:00:00",Balanced,Normal,Mixed,Organised,Normal,Normal,Normal,Organised,Medium,Press,Normal,Cover
8655,"2014-09-19 00:00:00",Balanced,Little,Mixed,Organised,Normal,Normal,Normal,Organised,Medium,Press,Normal,Cover
8655,"2013-09-20 00:00:00",Balanced,Little,Mixed,Organised,Normal,Normal,Normal,Organised,Medium,Press,Normal,Cover
8658,"2015-09-10 00:00:00",Balanced,Little,Long,Organised,Risky,Normal,Normal,Organised,Medium,Press,Normal,Cover
8658,"2014-09-19 00:00:00",Balanced,Normal,Long,Organised,Risky,Lots,Normal,Organised,Medium,Press,Normal,Cover
8658,"2013-09-20 00:00:00",Balanced,Little,Mixed,Organised,Normal,Lots,Normal,Organised,Medium,Press,Normal,Cover
8659,"2015-09-10 00:00:00",Balanced,Little,Mixed,Organised,Normal,Normal,Normal,Organised,Medium,Press,Normal,Cover
8659,"2014-09-19 00:00:00",Balanced,Normal,Mixed,Organised,Normal,Normal,Normal,Organised,Medium,Press,Normal,Cover
8659,"2013-09-20 00:00:00",Balanced,Little,Mixed,Organised,Normal,Normal,Normal,Organised,Deep,Contain,Normal,Cover
8661,"2015-09-10 00:00:00",Balanced,Normal,Mixed,Organised,Normal,Normal,Normal,Organised,Medium,Press,Normal,Cover
8661,"2014-09-19 00:00:00",Balanced,Normal,Mixed,Organised,Normal,Normal,Normal,Organised,Medium,Press,Normal,Cover
8661,"2013-09-20 00:00:00",Balanced,Little,Mixed,Organised,Normal,Normal,Normal,Organised,Medium,Press,Normal,Cover
8667,"2015-09-10 00:00:00",Balanced,Normal,Mixed,Organised,Normal,Normal,Normal,Organised,Medium,Press,Normal,Cover
8667,"2014-09-19 00:00:00",Balanced,Normal,Mixed,Organised,Normal,Normal,Normal,Organised,Medium,Press,Normal,Cover
8667,"2013-09-20 00:00:00",Balanced,Little,Mixed,Organised,Normal,Normal,Normal,Organised,Medium,Press,Normal,Cover
8668,"2015-09-10 00:00:00",Balanced,Normal,Mixed,Organised,Normal,Little,Normal,Organised,Medium,Press,Normal,Cover
8668,"2014-09-19 00:00:00",Balanced,Normal,Mixed,Organised,Normal,Normal,Normal,Organised,Medium,Press,Normal,Cover
8668,"2013-09-20 00:00:00",Balanced,Little,Mixed,Organised,Normal,Normal,Little,Organised,Medium,Press,Normal,Cover
8673,"2015-09-10 00:00:00",Balanced,Normal,Mixed,Organised,Normal,Normal,Normal,Free Form,Medium,Press,Normal,Cover
8673,"2014-09-19 00:00:00",Balanced,Normal,Mixed,Free Form,Normal,Normal,Normal,Organised,Medium,Press,Normal,Cover
8673,"2013-09-20 00:00:00",Fast,Little,Mixed,Organised,Normal,Normal,Normal,Organised,Medium,Press,Normal,Cover
8674,"2015-09-10 00:00:00",Balanced,Little,Mixed,Organised,Normal,Normal,Normal,Organised,Medium,Press,Normal,Cover
8674,"2014-09-19 00:00:00",Balanced,Normal,Mixed,Organised,Normal,Normal,Normal,Organised,Medium,Press,Normal,Cover
8674,"2013-09-20 00:00:00",Balanced,Little,Mixed,Organised,Normal,Normal,Normal,Organised,Medium,Press,Normal,Cover
8678,"2015-09-10 00:00:00",Balanced,Normal,Mixed,Organised,Normal,Normal,Normal,Organised,Medium,Press,Normal,Cover
8678,"2014-09-19 00:00:00",Balanced,Normal,Mixed,Organised,Normal,Normal,Normal,Organised,Medium,Press,Normal,Cover
8678,"2013-09-20 00:00:00",Balanced,Little,Mixed,Organised,Normal,Normal,Normal,Organised,Medium,Press,Normal,Cover
8682,"2013-09-20 00:00:00",Balanced,Little,Mixed,Organised,Normal,Lots,Normal,Organised,Medium,Press,Normal,Cover
8686,"2015-09-10 00:00:00",Fast,Little,Mixed,Organised,Risky,Normal,Normal,Free Form,Medium,Press,Normal,Cover
8686,"2014-09-19 00:00:00",Fast,Normal,Mixed,Organised,Risky,Normal,Normal,Free Form,Medium,Press,Normal,Cover
8686,"2013-09-20 00:00:00",Balanced,Little,Mixed,Organised,Risky,Lots,Normal,Free Form,Medium,Press,Normal,Offside Trap
8689,"2015-09-10 00:00:00",Balanced,Normal,Mixed,Organised,Normal,Normal,Normal,Organised,Medium,Press,Normal,Cover
8689,"2014-09-19 00:00:00",Balanced,Normal,Mixed,Organised,Normal,Normal,Normal,Organised,Medium,Press,Normal,Cover
8689,"2013-09-20 00:00:00",Balanced,Little,Mixed,Organised,Normal,Normal,Normal,Organised,Medium,Press,Normal,Cover
8690,"2014-09-19 00:00:00",Balanced,Normal,Mixed,Organised,Normal,Lots,Normal,Organised,Medium,Press,Normal,Cover
8690,"2013-09-20 00:00:00",Balanced,Little,Mixed,Organised,Normal,Lots,Normal,Organised,Medium,Press,Normal,Cover
8696,"2015-09-10 00:00:00",Balanced,Normal,Mixed,Organised,Normal,Normal,Normal,Organised,Medium,Press,Normal,Cover
8696,"2013-09-20 00:00:00",Balanced,Little,Mixed,Organised,Normal,Lots,Normal,Organised,Medium,Press,Wide,Cover
8697,"2015-09-10 00:00:00",Balanced,Normal,Mixed,Organised,Risky,Normal,Normal,Organised,Medium,Press,Wide,Cover
8697,"2014-09-19 00:00:00",Balanced,Normal,Mixed,Organised,Normal,Normal,Normal,Organised,Medium,Press,Normal,Cover
8697,"2013-09-20 00:00:00",Fast,Little,Short,Organised,Risky,Lots,Lots,Organised,Medium,Press,Normal,Cover
8721,"2015-09-10 00:00:00",Fast,Normal,Mixed,Organised,Risky,Normal,Normal,Organised,Medium,Press,Normal,Cover
8721,"2014-09-19 00:00:00",Balanced,Lots,Mixed,Organised,Risky,Normal,Normal,Organised,Medium,Press,Normal,Cover
8721,"2013-09-20 00:00:00",Balanced,Little,Mixed,Organised,Risky,Lots,Lots,Organised,Medium,Press,Normal,Cover
8722,"2015-09-10 00:00:00",Balanced,Normal,Mixed,Organised,Normal,Normal,Lots,Organised,Medium,Press,Normal,Cover
8722,"2014-09-19 00:00:00",Balanced,Normal,Mixed,Organised,Normal,Normal,Normal,Organised,Medium,Press,Normal,Cover
8722,"2013-09-20 00:00:00",Balanced,Little,Mixed,Organised,Normal,Normal,Normal,Organised,Medium,Press,Wide,Cover
9746,"2015-09-10 00:00:00",Balanced,Normal,Mixed,Organised,Normal,Normal,Normal,Organised,Medium,Press,Normal,Cover
9746,"2014-09-19 00:00:00",Balanced,Normal,Mixed,Organised,Normal,Normal,Normal,Organised,Medium,Press,Normal,Cover
9746,"2013-09-20 00:00:00",Balanced,Little,Mixed,Organised,Normal,Normal,Normal,Organised,Medium,Press,Normal,Cover
9747,"2015-09-10 00:00:00",Balanced,Normal,Mixed,Organised,Normal,Normal,Normal,Organised,Medium,Press,Normal,Cover
9747,"2014-09-19 00:00:00",Balanced,Normal,Mixed,Organised,Normal,Normal,Normal,Organised,Medium,Press,Normal,Cover
9747,"2013-09-20 00:00:00",Balanced,Little,Mixed,Organised,Normal,Normal,Normal,Organised,Medium,Press,Normal,Cover
9748,"2015-09-10 00:00:00",Balanced,Normal,Mixed,Organised,Normal,Normal,Lots,Organised,Medium,Press,Normal,Cover
9748,"2014-09-19 00:00:00",Balanced,Normal,Mixed,Organised,Normal,Normal,Lots,Organised,Medium,Press,Normal,Cover
9748,"2013-09-20 00:00:00",Balanced,Little,Mixed,Organised,Normal,Normal,Lots,Organised,Medium,Press,Normal,Cover
9761,"2015-09-10 00:00:00",Balanced,Normal,Mixed,Organised,Safe,Normal,Normal,Organised,Medium,Press,Normal,Cover
9761,"2014-09-19 00:00:00",Balanced,Normal,Mixed,Organised,Safe,Normal,Normal,Organised,Medium,Press,Normal,Cover
9761,"2013-09-20 00:00:00",Balanced,Little,Mixed,Organised,Normal,Normal,Normal,Organised,Medium,Press,Normal,Cover
9764,"2015-09-10 00:00:00",Fast,Lots,Mixed,Organised,Normal,Normal,Normal,Free Form,Medium,Press,Normal,Cover
9764,"2014-09-19 00:00:00",Balanced,Lots,Mixed,Organised,Normal,Normal,Normal,Free Form,Medium,Press,Normal,Cover
9764,"2013-09-20 00:00:00",Balanced,Little,Mixed,Organised,Normal,Normal,Normal,Organised,Medium,Press,Normal,Cover
9768,"2015-09-10 00:00:00",Balanced,Normal,Mixed,Organised,Normal,Normal,Normal,Organised,Medium,Press,Normal,Cover
9768,"2014-09-19 00:00:00",Balanced,Normal,Mixed,Organised,Normal,Normal,Normal,Organised,Medium,Press,Normal,Cover
9768,"2013-09-20 00:00:00",Balanced,Little,Mixed,Organised,Risky,Lots,Normal,Free Form,Medium,Press,Normal,Cover
9772,"2015-09-10 00:00:00",Fast,Normal,Mixed,Organised,Normal,Normal,Normal,Organised,Medium,Press,Normal,Cover
9772,"2014-09-19 00:00:00",Fast,Normal,Mixed,Organised,Normal,Normal,Normal,Organised,Medium,Press,Normal,Cover
9772,"2013-09-20 00:00:00",Balanced,Little,Mixed,Organised,Risky,Normal,Normal,Organised,Medium,Press,Normal,Cover
9773,"2015-09-10 00:00:00",Fast,Normal,Mixed,Organised,Normal,Normal,Lots,Organised,Medium,Press,Normal,Cover
9773,"2014-09-19 00:00:00",Balanced,Normal,Mixed,Organised,Normal,Normal,Lots,Organised,Medium,Press,Normal,Cover
9773,"2013-09-20 00:00:00",Balanced,Little,Mixed,Organised,Normal,Lots,Lots,Organised,Medium,Press,Normal,Cover
9776,"2015-09-10 00:00:00",Balanced,Normal,Mixed,Organised,Normal,Normal,Normal,Free Form,Medium,Press,Normal,Cover
9776,"2014-09-19 00:00:00",Balanced,Normal,Mixed,Organised,Normal,Normal,Normal,Organised,Deep,Press,Normal,Cover
9776,"2013-09-20 00:00:00",Fast,Little,Mixed,Organised,Normal,Normal,Lots,Free Form,Medium,Press,Normal,Cover
9777,"2013-09-20 00:00:00",Balanced,Little,Mixed,Organised,Normal,Normal,Normal,Organised,Medium,Press,Normal,Cover
9783,"2015-09-10 00:00:00",Balanced,Normal,Mixed,Organised,Normal,Normal,Normal,Organised,Medium,Press,Normal,Offside Trap
9783,"2014-09-19 00:00:00",Balanced,Normal,Mixed,Organised,Normal,Normal,Lots,Organised,Medium,Press,Normal,Cover
9783,"2013-09-20 00:00:00",Balanced,Little,Mixed,Organised,Normal,Normal,Lots,Organised,Medium,Press,Normal,Cover
9788,"2015-09-10 00:00:00",Slow,Normal,Short,Organised,Normal,Little,Normal,Free Form,Medium,Press,Normal,Cover
9788,"2014-09-19 00:00:00",Slow,Normal,Short,Organised,Normal,Little,Normal,Free Form,Medium,Press,Normal,Cover
9788,"2013-09-20 00:00:00",Fast,Little,Mixed,Organised,Normal,Normal,Little,Free Form,Deep,Press,Normal,Cover
9789,"2015-09-10 00:00:00",Fast,Normal,Mixed,Organised,Risky,Normal,Normal,Free Form,Medium,Double,Normal,Cover
9789,"2014-09-19 00:00:00",Fast,Little,Mixed,Organised,Normal,Normal,Lots,Free Form,Medium,Double,Normal,Cover
9789,"2013-09-20 00:00:00",Fast,Little,Mixed,Organised,Risky,Normal,Lots,Organised,Medium,Double,Normal,Cover
9790,"2015-09-10 00:00:00",Balanced,Normal,Mixed,Organised,Normal,Normal,Normal,Organised,Medium,Press,Normal,Cover
9790,"2014-09-19 00:00:00",Balanced,Normal,Mixed,Organised,Normal,Lots,Normal,Organised,Medium,Contain,Normal,Cover
9790,"2013-09-20 00:00:00",Balanced,Little,Mixed,Organised,Normal,Normal,Normal,Organised,Medium,Press,Normal,Cover
9791,"2015-09-10 00:00:00",Balanced,Normal,Mixed,Organised,Normal,Normal,Normal,Organised,Medium,Press,Normal,Cover
9791,"2014-09-19 00:00:00",Balanced,Normal,Short,Organised,Normal,Normal,Normal,Organised,Medium,Press,Normal,Cover
9791,"2013-09-20 00:00:00",Balanced,Little,Short,Organised,Normal,Normal,Normal,Free Form,Medium,Press,Normal,Cover
9798,"2015-09-10 00:00:00",Balanced,Normal,Mixed,Organised,Normal,Normal,Normal,Organised,Medium,Press,Normal,Cover
9798,"2014-09-19 00:00:00",Balanced,Little,Long,Organised,Risky,Normal,Normal,Organised,Medium,Press,Normal,Cover
9798,"2013-09-20 00:00:00",Balanced,Little,Mixed,Organised,Normal,Normal,Normal,Organised,Medium,Press,Normal,Cover
9800,"2015-09-10 00:00:00",Balanced,Normal,Short,Organised,Normal,Normal,Normal,Organised,Medium,Press,Normal,Cover
9800,"2014-09-19 00:00:00",Balanced,Normal,Long,Organised,Normal,Normal,Normal,Organised,Medium,Press,Normal,Cover
9800,"2013-09-20 00:00:00",Balanced,Little,Mixed,Organised,Normal,Normal,Normal,Organised,Medium,Press,Normal,Cover
9803,"2014-09-19 00:00:00",Balanced,Normal,Mixed,Organised,Normal,Normal,Normal,Organised,Medium,Press,Normal,Cover
9803,"2013-09-20 00:00:00",Balanced,Little,Mixed,Organised,Normal,Normal,Normal,Organised,Medium,Press,Normal,Cover
9804,"2015-09-10 00:00:00",Fast,Lots,Mixed,Organised,Normal,Lots,Normal,Organised,Medium,Press,Normal,Cover
9804,"2014-09-19 00:00:00",Fast,Lots,Mixed,Organised,Normal,Lots,Normal,Organised,Medium,Press,Normal,Cover
9804,"2013-09-20 00:00:00",Fast,Little,Mixed,Organised,Normal,Lots,Normal,Free Form,Medium,Press,Normal,Cover
9807,"2015-09-10 00:00:00",Balanced,Normal,Mixed,Organised,Normal,Normal,Normal,Organised,Medium,Press,Normal,Cover
9807,"2014-09-19 00:00:00",Balanced,Normal,Mixed,Organised,Normal,Normal,Normal,Organised,Medium,Press,Normal,Cover
9810,"2015-09-10 00:00:00",Balanced,Normal,Mixed,Organised,Normal,Normal,Normal,Organised,Medium,Press,Normal,Cover
9810,"2014-09-19 00:00:00",Balanced,Normal,Mixed,Organised,Normal,Normal,Normal,Organised,Medium,Press,Normal,Cover
9810,"2013-09-20 00:00:00",Balanced,Little,Mixed,Organised,Normal,Normal,Normal,Organised,Medium,Press,Normal,Cover
9817,"2015-09-10 00:00:00",Balanced,Little,Mixed,Organised,Normal,Normal,Normal,Free Form,Medium,Press,Normal,Cover
9817,"2014-09-19 00:00:00",Balanced,Normal,Mixed,Organised,Normal,Normal,Normal,Free Form,Medium,Press,Normal,Cover
9817,"2013-09-20 00:00:00",Fast,Little,Mixed,Organised,Normal,Normal,Normal,Free Form,Medium,Press,Normal,Cover
9823,"2015-09-10 00:00:00",Balanced,Little,Short,Free Form,Normal,Little,Little,Free Form,High,Press,Normal,Cover
9823,"2014-09-19 00:00:00",Balanced,Normal,Short,Free Form,Safe,Normal,Normal,Free Form,Medium,Press,Normal,Cover
9823,"2013-09-20 00:00:00",Balanced,Little,Mixed,Organised,Normal,Normal,Normal,Organised,Medium,Press,Normal,Cover
9824,"2015-09-10 00:00:00",Balanced,Little,Mixed,Organised,Normal,Normal,Normal,Organised,Medium,Contain,Normal,Cover
9825,"2015-09-10 00:00:00",Balanced,Normal,Short,Organised,Safe,Normal,Normal,Free Form,Medium,Press,Normal,Cover
9825,"2014-09-19 00:00:00",Balanced,Normal,Short,Organised,Safe,Normal,Normal,Free Form,Medium,Press,Normal,Cover
9825,"2013-09-20 00:00:00",Slow,Little,Short,Organised,Normal,Normal,Normal,Free Form,Medium,Press,Normal,Cover
9826,"2015-09-10 00:00:00",Balanced,Normal,Long,Organised,Risky,Lots,Normal,Organised,Medium,Press,Normal,Cover
9826,"2014-09-19 00:00:00",Balanced,Normal,Long,Organised,Risky,Normal,Normal,Organised,Medium,Press,Normal,Cover
9826,"2013-09-20 00:00:00",Balanced,Little,Mixed,Organised,Risky,Normal,Normal,Organised,Medium,Contain,Normal,Cover
9827,"2015-09-10 00:00:00",Balanced,Normal,Mixed,Organised,Normal,Normal,Normal,Organised,Medium,Press,Normal,Cover
9827,"2014-09-19 00:00:00",Balanced,Normal,Mixed,Organised,Normal,Normal,Normal,Organised,Medium,Contain,Normal,Cover
9827,"2013-09-20 00:00:00",Balanced,Little,Mixed,Organised,Normal,Normal,Normal,Organised,Medium,Press,Normal,Cover
9829,"2015-09-10 00:00:00",Balanced,Normal,Mixed,Organised,Normal,Normal,Little,Organised,Medium,Press,Normal,Cover
9829,"2014-09-19 00:00:00",Balanced,Lots,Mixed,Organised,Normal,Normal,Normal,Organised,Medium,Press,Normal,Cover
9829,"2013-09-20 00:00:00",Balanced,Little,Mixed,Organised,Normal,Normal,Normal,Organised,Medium,Press,Normal,Cover
9830,"2015-09-10 00:00:00",Balanced,Lots,Mixed,Organised,Normal,Normal,Normal,Organised,Medium,Press,Normal,Cover
9830,"2014-09-19 00:00:00",Balanced,Normal,Mixed,Organised,Normal,Normal,Normal,Organised,Medium,Press,Normal,Cover
9830,"2013-09-20 00:00:00",Balanced,Little,Mixed,Organised,Normal,Normal,Normal,Organised,Medium,Press,Normal,Cover
9831,"2015-09-10 00:00:00",Balanced,Normal,Mixed,Organised,Normal,Normal,Normal,Organised,Medium,Press,Normal,Cover
9831,"2014-09-19 00:00:00",Balanced,Normal,Mixed,Organised,Normal,Normal,Normal,Organised,Medium,Press,Normal,Cover
9831,"2013-09-20 00:00:00",Balanced,Little,Mixed,Organised,Normal,Normal,Normal,Organised,Medium,Press,Normal,Cover
9836,"2015-09-10 00:00:00",Balanced,Normal,Mixed,Organised,Normal,Normal,Normal,Organised,Medium,Press,Normal,Cover
9836,"2014-09-19 00:00:00",Balanced,Normal,Mixed,Organised,Normal,Normal,Normal,Organised,Medium,Press,Normal,Cover
9836,"2013-09-20 00:00:00",Balanced,Little,Mixed,Organised,Normal,Normal,Normal,Organised,Medium,Press,Normal,Cover
9837,"2015-09-10 00:00:00",Balanced,Normal,Mixed,Organised,Normal,Normal,Normal,Organised,Deep,Press,Normal,Cover
9837,"2014-09-19 00:00:00",Balanced,Normal,Mixed,Organised,Normal,Normal,Normal,Organised,Deep,Press,Normal,Cover
9837,"2013-09-20 00:00:00",Balanced,Little,Mixed,Organised,Normal,Normal,Normal,Organised,Deep,Press,Normal,Cover
9839,"2013-09-20 00:00:00",Balanced,Little,Mixed,Organised,Normal,Normal,Normal,Organised,Deep,Press,Normal,Cover
9847,"2015-09-10 00:00:00",Balanced,Normal,Mixed,Organised,Normal,Normal,Normal,Organised,Medium,Press,Normal,Cover
9847,"2014-09-19 00:00:00",Balanced,Lots,Mixed,Organised,Normal,Normal,Lots,Organised,Medium,Press,Normal,Cover
9847,"2013-09-20 00:00:00",Balanced,Little,Mixed,Organised,Normal,Normal,Normal,Organised,Medium,Press,Normal,Cover
9850,"2015-09-10 00:00:00",Balanced,Normal,Mixed,Organised,Normal,Normal,Normal,Organised,Medium,Press,Normal,Cover
9850,"2014-09-19 00:00:00",Balanced,Little,Mixed,Organised,Normal,Lots,Normal,Organised,Medium,Press,Normal,Cover
9850,"2013-09-20 00:00:00",Fast,Little,Long,Organised,Normal,Lots,Normal,Organised,Medium,Press,Normal,Cover
9851,"2015-09-10 00:00:00",Balanced,Normal,Mixed,Organised,Normal,Normal,Normal,Organised,Medium,Press,Normal,Cover
9851,"2014-09-19 00:00:00",Balanced,Normal,Mixed,Organised,Normal,Normal,Normal,Organised,Medium,Press,Normal,Cover
9851,"2013-09-20 00:00:00",Balanced,Little,Mixed,Organised,Normal,Normal,Normal,Organised,Medium,Press,Normal,Cover
9853,"2015-09-10 00:00:00",Balanced,Normal,Mixed,Organised,Normal,Normal,Normal,Organised,Medium,Press,Normal,Cover
9853,"2014-09-19 00:00:00",Balanced,Normal,Mixed,Organised,Normal,Normal,Normal,Organised,Medium,Press,Normal,Cover
9853,"2013-09-20 00:00:00",Balanced,Little,Mixed,Organised,Normal,Normal,Normal,Organised,Medium,Press,Normal,Cover
9857,"2015-09-10 00:00:00",Balanced,Normal,Mixed,Organised,Safe,Normal,Normal,Organised,Deep,Press,Normal,Cover
9857,"2014-09-19 00:00:00",Balanced,Normal,Mixed,Organised,Safe,Normal,Normal,Organised,Deep,Press,Normal,Cover
9857,"2013-09-20 00:00:00",Balanced,Little,Mixed,Organised,Normal,Normal,Normal,Free Form,Medium,Press,Normal,Cover
9858,"2015-09-10 00:00:00",Balanced,Normal,Mixed,Organised,Normal,Normal,Lots,Organised,Medium,Press,Normal,Cover
9858,"2014-09-19 00:00:00",Balanced,Normal,Short,Organised,Normal,Little,Lots,Organised,Medium,Press,Normal,Cover
9858,"2013-09-20 00:00:00",Balanced,Little,Mixed,Organised,Normal,Little,Lots,Free Form,Medium,Press,Normal,Cover
9860,"2014-09-19 00:00:00",Balanced,Normal,Mixed,Organised,Normal,Normal,Normal,Organised,Medium,Press,Normal,Cover
9860,"2013-09-20 00:00:00",Balanced,Little,Mixed,Organised,Normal,Normal,Normal,Organised,Medium,Press,Normal,Cover
9864,"2015-09-10 00:00:00",Balanced,Normal,Mixed,Organised,Normal,Normal,Normal,Organised,Medium,Press,Normal,Offside Trap
9864,"2014-09-19 00:00:00",Balanced,Normal,Mixed,Organised,Risky,Lots,Normal,Organised,Medium,Press,Normal,Cover
9864,"2013-09-20 00:00:00",Balanced,Little,Mixed,Organised,Risky,Lots,Normal,Organised,Medium,Press,Normal,Cover
9865,"2015-09-10 00:00:00",Balanced,Normal,Mixed,Organised,Normal,Normal,Normal,Organised,Medium,Press,Normal,Cover
9865,"2014-09-19 00:00:00",Balanced,Normal,Mixed,Organised,Normal,Normal,Normal,Organised,Medium,Press,Normal,Cover
9865,"2013-09-20 00:00:00",Balanced,Little,Mixed,Organised,Normal,Normal,Normal,Organised,Medium,Press,Normal,Cover
9867,"2015-09-10 00:00:00",Balanced,Normal,Mixed,Organised,Normal,Normal,Normal,Organised,Medium,Press,Wide,Cover
9867,"2014-09-19 00:00:00",Balanced,Normal,Mixed,Organised,Normal,Normal,Normal,Organised,Medium,Press,Normal,Cover
9868,"2013-09-20 00:00:00",Balanced,Little,Mixed,Organised,Normal,Normal,Normal,Organised,Medium,Press,Normal,Cover
9869,"2015-09-10 00:00:00",Balanced,Normal,Mixed,Organised,Normal,Normal,Normal,Organised,Medium,Press,Normal,Cover
9869,"2014-09-19 00:00:00",Balanced,Normal,Mixed,Organised,Risky,Normal,Normal,Organised,Medium,Press,Normal,Cover
9869,"2013-09-20 00:00:00",Balanced,Little,Mixed,Organised,Risky,Normal,Normal,Organised,Medium,Press,Normal,Cover
9873,"2015-09-10 00:00:00",Balanced,Normal,Mixed,Organised,Normal,Lots,Normal,Organised,Medium,Press,Normal,Cover
9873,"2014-09-19 00:00:00",Balanced,Normal,Mixed,Organised,Normal,Lots,Normal,Organised,Medium,Press,Normal,Cover
9873,"2013-09-20 00:00:00",Balanced,Little,Mixed,Organised,Normal,Lots,Normal,Organised,Medium,Press,Normal,Cover
9874,"2015-09-10 00:00:00",Balanced,Normal,Mixed,Organised,Normal,Normal,Normal,Organised,Medium,Press,Normal,Cover
9874,"2014-09-19 00:00:00",Balanced,Normal,Mixed,Organised,Normal,Normal,Normal,Organised,Medium,Press,Normal,Cover
9874,"2013-09-20 00:00:00",Balanced,Little,Mixed,Organised,Normal,Normal,Normal,Organised,Medium,Press,Normal,Cover
9875,"2015-09-10 00:00:00",Balanced,Lots,Mixed,Organised,Risky,Normal,Lots,Organised,Medium,Press,Normal,Offside Trap
9875,"2014-09-19 00:00:00",Fast,Lots,Mixed,Organised,Risky,Normal,Lots,Organised,Medium,Press,Normal,Cover
9875,"2013-09-20 00:00:00",Fast,Little,Mixed,Organised,Risky,Lots,Normal,Organised,Medium,Press,Normal,Offside Trap
9876,"2015-09-10 00:00:00",Balanced,Little,Mixed,Organised,Normal,Normal,Normal,Organised,Medium,Press,Normal,Cover
9876,"2014-09-19 00:00:00",Balanced,Normal,Mixed,Organised,Normal,Normal,Normal,Organised,Deep,Press,Normal,Cover
9876,"2013-09-20 00:00:00",Balanced,Little,Mixed,Organised,Normal,Normal,Normal,Organised,Medium,Press,Normal,Cover
9878,"2015-09-10 00:00:00",Balanced,Little,Mixed,Organised,Normal,Normal,Normal,Organised,Medium,Press,Normal,Cover
9878,"2014-09-19 00:00:00",Balanced,Normal,Mixed,Organised,Normal,Normal,Normal,Organised,Deep,Press,Normal,Cover
9878,"2013-09-20 00:00:00",Balanced,Little,Mixed,Organised,Normal,Normal,Normal,Free Form,Medium,Press,Normal,Cover
9879,"2015-09-10 00:00:00",Balanced,Normal,Mixed,Organised,Normal,Normal,Normal,Organised,Deep,Contain,Normal,Cover
9879,"2014-09-19 00:00:00",Balanced,Normal,Mixed,Organised,Normal,Normal,Normal,Organised,Deep,Contain,Normal,Cover
9879,"2013-09-20 00:00:00",Balanced,Little,Mixed,Organised,Normal,Normal,Normal,Organised,Medium,Press,Normal,Cover
9880,"2015-09-10 00:00:00",Balanced,Little,Mixed,Organised,Normal,Normal,Normal,Organised,Medium,Press,Normal,Cover
9880,"2014-09-19 00:00:00",Fast,Little,Mixed,Organised,Normal,Normal,Lots,Organised,Medium,Press,Normal,Cover
9880,"2013-09-20 00:00:00",Fast,Little,Mixed,Organised,Normal,Normal,Lots,Organised,Medium,Press,Normal,Cover
9882,"2015-09-10 00:00:00",Balanced,Normal,Mixed,Organised,Normal,Normal,Little,Organised,Medium,Press,Normal,Cover
9882,"2014-09-19 00:00:00",Balanced,Normal,Mixed,Organised,Normal,Normal,Normal,Organised,Medium,Press,Normal,Offside Trap
9882,"2013-09-20 00:00:00",Balanced,Little,Mixed,Organised,Normal,Normal,Little,Organised,Medium,Press,Normal,Cover
9885,"2015-09-10 00:00:00",Balanced,Normal,Short,Organised,Normal,Normal,Lots,Organised,Medium,Press,Normal,Cover
9885,"2014-09-19 00:00:00",Slow,Normal,Short,Organised,Normal,Normal,Lots,Organised,Deep,Double,Normal,Cover
9885,"2013-09-20 00:00:00",Balanced,Little,Short,Organised,Normal,Normal,Lots,Free Form,Medium,Double,Normal,Cover
9891,"2015-09-10 00:00:00",Balanced,Normal,Mixed,Organised,Normal,Normal,Normal,Organised,Medium,Press,Normal,Cover
9904,"2015-09-10 00:00:00",Balanced,Normal,Mixed,Organised,Normal,Normal,Normal,Organised,Medium,Press,Normal,Cover
9904,"2014-09-19 00:00:00",Balanced,Normal,Mixed,Organised,Normal,Normal,Normal,Organised,Medium,Press,Normal,Cover
9904,"2013-09-20 00:00:00",Fast,Little,Mixed,Organised,Normal,Normal,Normal,Organised,Medium,Press,Normal,Cover
9905,"2015-09-10 00:00:00",Balanced,Normal,Mixed,Organised,Normal,Normal,Normal,Organised,Medium,Press,Normal,Cover
9905,"2014-09-19 00:00:00",Fast,Normal,Mixed,Organised,Normal,Normal,Normal,Organised,Medium,Press,Normal,Cover
9905,"2013-09-20 00:00:00",Balanced,Little,Mixed,Organised,Normal,Normal,Normal,Organised,Medium,Press,Normal,Cover
9906,"2015-09-10 00:00:00",Balanced,Normal,Mixed,Organised,Normal,Normal,Normal,Organised,Medium,Press,Normal,Cover
9906,"2014-09-19 00:00:00",Balanced,Normal,Mixed,Organised,Risky,Lots,Normal,Organised,Medium,Press,Normal,Cover
9906,"2013-09-20 00:00:00",Balanced,Little,Mixed,Organised,Risky,Normal,Normal,Organised,Medium,Press,Normal,Cover
9908,"2015-09-10 00:00:00",Balanced,Normal,Mixed,Organised,Normal,Normal,Little,Organised,Medium,Press,Normal,Cover
9908,"2014-09-19 00:00:00",Balanced,Normal,Mixed,Organised,Normal,Normal,Normal,Organised,Medium,Press,Normal,Cover
9908,"2013-09-20 00:00:00",Balanced,Little,Mixed,Organised,Normal,Normal,Normal,Organised,Medium,Press,Normal,Cover
9910,"2015-09-10 00:00:00",Balanced,Normal,Mixed,Organised,Normal,Normal,Normal,Free Form,Medium,Press,Normal,Cover
9910,"2014-09-19 00:00:00",Balanced,Normal,Mixed,Organised,Normal,Lots,Normal,Organised,Medium,Press,Normal,Cover
9910,"2013-09-20 00:00:00",Balanced,Little,Mixed,Organised,Normal,Lots,Normal,Free Form,Medium,Press,Wide,Cover
9911,"2015-09-10 00:00:00",Fast,Normal,Mixed,Organised,Normal,Normal,Normal,Organised,Medium,Press,Wide,Cover
9911,"2014-09-19 00:00:00",Balanced,Normal,Mixed,Organised,Normal,Normal,Normal,Organised,Medium,Press,Normal,Cover
9911,"2013-09-20 00:00:00",Balanced,Little,Mixed,Organised,Normal,Normal,Normal,Organised,Medium,Press,Normal,Cover
9912,"2014-09-19 00:00:00",Balanced,Normal,Mixed,Organised,Normal,Normal,Normal,Organised,Medium,Press,Normal,Cover
9925,"2015-09-10 00:00:00",Balanced,Normal,Mixed,Organised,Normal,Normal,Normal,Organised,Medium,Press,Normal,Cover
9925,"2014-09-19 00:00:00",Fast,Normal,Mixed,Organised,Normal,Normal,Normal,Organised,Medium,Press,Normal,Cover
9925,"2013-09-20 00:00:00",Balanced,Little,Mixed,Organised,Normal,Normal,Normal,Free Form,Medium,Press,Normal,Cover
9927,"2015-09-10 00:00:00",Balanced,Normal,Mixed,Organised,Normal,Normal,Little,Organised,Medium,Press,Normal,Cover
9927,"2014-09-19 00:00:00",Fast,Normal,Mixed,Organised,Normal,Normal,Normal,Organised,Medium,Press,Normal,Cover
9927,"2013-09-20 00:00:00",Fast,Little,Mixed,Organised,Normal,Normal,Normal,Organised,Medium,Press,Normal,Cover
9930,"2015-09-10 00:00:00",Balanced,Normal,Mixed,Organised,Normal,Normal,Normal,Organised,Medium,Press,Normal,Cover
9930,"2014-09-19 00:00:00",Balanced,Normal,Mixed,Organised,Normal,Normal,Normal,Organised,Medium,Press,Normal,Cover
9931,"2015-09-10 00:00:00",Balanced,Normal,Mixed,Organised,Normal,Normal,Normal,Organised,Medium,Press,Normal,Cover
9931,"2014-09-19 00:00:00",Balanced,Normal,Mixed,Organised,Normal,Normal,Normal,Organised,Medium,Press,Normal,Cover
9931,"2013-09-20 00:00:00",Balanced,Little,Mixed,Organised,Normal,Normal,Normal,Organised,Medium,Press,Normal,Cover
9938,"2015-09-10 00:00:00",Balanced,Normal,Mixed,Organised,Normal,Normal,Normal,Organised,Medium,Press,Normal,Cover
9938,"2014-09-19 00:00:00",Balanced,Normal,Mixed,Organised,Normal,Normal,Normal,Organised,Medium,Press,Normal,Cover
9938,"2013-09-20 00:00:00",Balanced,Little,Mixed,Organised,Normal,Normal,Normal,Organised,Medium,Press,Normal,Cover
9941,"2015-09-10 00:00:00",Balanced,Normal,Mixed,Organised,Normal,Normal,Normal,Organised,Medium,Press,Normal,Cover
9941,"2014-09-19 00:00:00",Balanced,Normal,Mixed,Organised,Normal,Normal,Normal,Organised,Medium,Press,Normal,Cover
9941,"2013-09-20 00:00:00",Balanced,Little,Mixed,Organised,Normal,Normal,Normal,Organised,Medium,Press,Normal,Cover
9956,"2015-09-10 00:00:00",Balanced,Normal,Mixed,Organised,Normal,Normal,Normal,Organised,Medium,Press,Normal,Cover
9956,"2014-09-19 00:00:00",Balanced,Normal,Mixed,Organised,Normal,Normal,Normal,Organised,Medium,Press,Normal,Cover
9956,"2013-09-20 00:00:00",Balanced,Little,Mixed,Organised,Normal,Normal,Normal,Organised,Medium,Press,Normal,Cover
9976,"2015-09-10 00:00:00",Balanced,Normal,Mixed,Organised,Normal,Normal,Normal,Organised,Medium,Press,Normal,Cover
9976,"2014-09-19 00:00:00",Balanced,Normal,Mixed,Organised,Normal,Normal,Normal,Organised,Medium,Press,Normal,Cover
9976,"2013-09-20 00:00:00",Balanced,Little,Mixed,Organised,Normal,Normal,Normal,Organised,Medium,Press,Normal,Cover
9984,"2015-09-10 00:00:00",Balanced,Normal,Mixed,Organised,Normal,Normal,Normal,Organised,Medium,Press,Normal,Cover
9984,"2014-09-19 00:00:00",Balanced,Normal,Mixed,Organised,Normal,Normal,Normal,Organised,Medium,Press,Normal,Cover
9984,"2013-09-20 00:00:00",Balanced,Little,Mixed,Organised,Normal,Lots,Normal,Free Form,Medium,Press,Normal,Cover
9985,"2015-09-10 00:00:00",Balanced,Normal,Mixed,Organised,Normal,Normal,Normal,Organised,Medium,Press,Normal,Cover
9985,"2014-09-19 00:00:00",Balanced,Normal,Mixed,Organised,Normal,Normal,Normal,Organised,Medium,Press,Normal,Cover
9985,"2013-09-20 00:00:00",Balanced,Little,Mixed,Organised,Normal,Normal,Normal,Organised,Medium,Press,Normal,Cover
9986,"2015-09-10 00:00:00",Balanced,Normal,Mixed,Organised,Normal,Normal,Normal,Organised,Medium,Press,Normal,Cover
9986,"2014-09-19 00:00:00",Balanced,Normal,Mixed,Organised,Normal,Normal,Normal,Organised,Medium,Press,Normal,Cover
9986,"2013-09-20 00:00:00",Balanced,Little,Mixed,Organised,Normal,Normal,Normal,Organised,Medium,Press,Normal,Cover
9987,"2015-09-10 00:00:00",Balanced,Normal,Mixed,Organised,Safe,Lots,Normal,Organised,Medium,Press,Wide,Cover
9987,"2014-09-19 00:00:00",Balanced,Normal,Mixed,Organised,Risky,Normal,Normal,Organised,Medium,Press,Normal,Cover
9987,"2013-09-20 00:00:00",Balanced,Little,Mixed,Organised,Risky,Normal,Normal,Organised,Medium,Press,Normal,Cover
9989,"2015-09-10 00:00:00",Fast,Normal,Mixed,Organised,Normal,Normal,Normal,Organised,Medium,Press,Normal,Cover
9989,"2014-09-19 00:00:00",Fast,Normal,Mixed,Organised,Normal,Normal,Normal,Organised,Medium,Press,Normal,Cover
9989,"2013-09-20 00:00:00",Fast,Little,Mixed,Organised,Normal,Normal,Normal,Free Form,Medium,Press,Normal,Cover
9991,"2015-09-10 00:00:00",Balanced,Normal,Mixed,Organised,Normal,Normal,Normal,Organised,Medium,Press,Normal,Cover
9991,"2014-09-19 00:00:00",Balanced,Normal,Mixed,Organised,Safe,Normal,Normal,Organised,Medium,Press,Normal,Cover
9991,"2013-09-20 00:00:00",Balanced,Little,Mixed,Organised,Safe,Normal,Normal,Free Form,Medium,Press,Normal,Cover
9993,"2013-09-20 00:00:00",Balanced,Little,Mixed,Organised,Normal,Normal,Normal,Organised,Medium,Press,Wide,Cover
9994,"2015-09-10 00:00:00",Balanced,Normal,Mixed,Organised,Normal,Normal,Normal,Organised,Medium,Press,Normal,Cover
9994,"2014-09-19 00:00:00",Balanced,Normal,Mixed,Organised,Normal,Normal,Normal,Organised,Medium,Press,Normal,Cover
9994,"2013-09-20 00:00:00",Fast,Little,Mixed,Organised,Safe,Normal,Normal,Organised,Medium,Press,Normal,Cover
9996,"2015-09-10 00:00:00",Balanced,Normal,Mixed,Organised,Normal,Normal,Normal,Organised,Medium,Press,Normal,Cover
9996,"2015-09-10 00:00:00",Balanced,Normal,Mixed,Organised,Normal,Normal,Normal,Organised,Medium,Press,Normal,Cover
9998,"2014-09-19 00:00:00",Balanced,Normal,Mixed,Organised,Normal,Lots,Normal,Organised,Medium,Press,Normal,Cover
9998,"2013-09-20 00:00:00",Balanced,Little,Mixed,Organised,Normal,Lots,Normal,Organised,Medium,Press,Normal,Cover
10000,"2015-09-10 00:00:00",Balanced,Normal,Mixed,Organised,Normal,Normal,Little,Organised,Medium,Press,Normal,Cover
10000,"2014-09-19 00:00:00",Balanced,Normal,Mixed,Organised,Normal,Normal,Little,Organised,Medium,Press,Normal,Cover
10000,"2013-09-20 00:00:00",Balanced,Little,Mixed,Organised,Normal,Normal,Little,Organised,Medium,Press,Normal,Cover
10001,"2015-09-10 00:00:00",Balanced,Normal,Mixed,Organised,Normal,Normal,Little,Organised,Medium,Press,Normal,Cover
10003,"2015-09-10 00:00:00",Balanced,Normal,Mixed,Organised,Normal,Normal,Normal,Free Form,Deep,Press,Normal,Cover
10003,"2014-09-19 00:00:00",Balanced,Normal,Mixed,Organised,Normal,Normal,Normal,Free Form,Medium,Press,Normal,Cover
10003,"2013-09-20 00:00:00",Balanced,Little,Mixed,Organised,Normal,Normal,Normal,Free Form,Medium,Press,Normal,Cover
10167,"2015-09-10 00:00:00",Balanced,Normal,Short,Organised,Risky,Normal,Normal,Organised,Medium,Press,Normal,Cover
10167,"2014-09-19 00:00:00",Balanced,Lots,Short,Organised,Risky,Normal,Normal,Organised,Medium,Press,Normal,Offside Trap
10167,"2013-09-20 00:00:00",Balanced,Little,Short,Organised,Normal,Normal,Normal,Organised,Medium,Press,Normal,Cover
10172,"2015-09-10 00:00:00",Slow,Normal,Mixed,Organised,Normal,Normal,Normal,Organised,Medium,Press,Normal,Cover
10172,"2014-09-19 00:00:00",Balanced,Normal,Mixed,Organised,Normal,Normal,Normal,Organised,Medium,Press,Normal,Cover
10172,"2013-09-20 00:00:00",Balanced,Little,Mixed,Organised,Normal,Normal,Normal,Organised,Medium,Press,Normal,Cover
10179,"2015-09-10 00:00:00",Balanced,Normal,Mixed,Organised,Normal,Normal,Normal,Organised,Medium,Press,Normal,Cover
10179,"2014-09-19 00:00:00",Balanced,Normal,Mixed,Organised,Normal,Normal,Normal,Organised,Medium,Press,Normal,Cover
10179,"2013-09-20 00:00:00",Balanced,Little,Mixed,Organised,Normal,Normal,Normal,Organised,Medium,Press,Normal,Cover
10189,"2015-09-10 00:00:00",Balanced,Normal,Mixed,Organised,Normal,Normal,Normal,Organised,Medium,Press,Normal,Cover
10189,"2014-09-19 00:00:00",Balanced,Normal,Mixed,Organised,Normal,Normal,Normal,Organised,Medium,Press,Normal,Cover
10189,"2013-09-20 00:00:00",Balanced,Little,Mixed,Organised,Normal,Normal,Normal,Organised,Medium,Press,Normal,Cover
10190,"2015-09-10 00:00:00",Balanced,Normal,Mixed,Organised,Normal,Normal,Normal,Organised,Medium,Press,Normal,Cover
10190,"2014-09-19 00:00:00",Balanced,Normal,Mixed,Organised,Normal,Normal,Normal,Organised,Medium,Press,Normal,Cover
10190,"2013-09-20 00:00:00",Balanced,Little,Mixed,Organised,Normal,Normal,Normal,Organised,Medium,Press,Normal,Cover
10191,"2015-09-10 00:00:00",Balanced,Normal,Mixed,Organised,Normal,Normal,Normal,Organised,Medium,Press,Normal,Cover
10191,"2014-09-19 00:00:00",Balanced,Normal,Mixed,Organised,Normal,Normal,Normal,Organised,Medium,Press,Normal,Cover
10191,"2013-09-20 00:00:00",Balanced,Little,Mixed,Organised,Risky,Little,Normal,Organised,Medium,Press,Normal,Cover
10192,"2015-09-10 00:00:00",Balanced,Normal,Mixed,Organised,Normal,Normal,Normal,Organised,Medium,Press,Normal,Cover
10192,"2014-09-19 00:00:00",Balanced,Normal,Mixed,Organised,Normal,Normal,Normal,Organised,Medium,Press,Normal,Cover
10192,"2013-09-20 00:00:00",Balanced,Little,Long,Organised,Normal,Lots,Normal,Organised,Medium,Press,Normal,Cover
10194,"2015-09-10 00:00:00",Balanced,Normal,Mixed,Organised,Normal,Normal,Normal,Organised,Medium,Press,Normal,Cover
10194,"2014-09-19 00:00:00",Balanced,Little,Mixed,Organised,Normal,Normal,Normal,Organised,Medium,Press,Normal,Cover
10194,"2013-09-20 00:00:00",Fast,Little,Long,Organised,Normal,Normal,Normal,Organised,Deep,Press,Normal,Cover
10199,"2015-09-10 00:00:00",Balanced,Normal,Mixed,Organised,Normal,Normal,Normal,Organised,Medium,Press,Normal,Cover
10199,"2014-09-19 00:00:00",Balanced,Normal,Mixed,Organised,Normal,Normal,Normal,Organised,Medium,Press,Normal,Cover
10199,"2013-09-20 00:00:00",Balanced,Little,Mixed,Organised,Normal,Normal,Normal,Organised,Medium,Press,Normal,Cover
10205,"2015-09-10 00:00:00",Balanced,Normal,Mixed,Free Form,Normal,Normal,Normal,Free Form,Medium,Press,Normal,Cover
10205,"2014-09-19 00:00:00",Balanced,Normal,Mixed,Organised,Normal,Normal,Normal,Organised,Medium,Press,Normal,Cover
10205,"2013-09-20 00:00:00",Slow,Little,Short,Organised,Normal,Normal,Normal,Organised,Medium,Press,Normal,Cover
10211,"2013-09-20 00:00:00",Balanced,Little,Mixed,Organised,Normal,Normal,Normal,Organised,Medium,Press,Normal,Cover
10212,"2015-09-10 00:00:00",Balanced,Normal,Mixed,Organised,Risky,Normal,Normal,Organised,Medium,Press,Normal,Cover
10212,"2014-09-19 00:00:00",Fast,Normal,Mixed,Free Form,Risky,Normal,Normal,Organised,Medium,Press,Normal,Cover
10212,"2013-09-20 00:00:00",Balanced,Little,Mixed,Organised,Normal,Lots,Normal,Organised,Medium,Press,Normal,Cover
10214,"2015-09-10 00:00:00",Balanced,Normal,Mixed,Organised,Normal,Normal,Normal,Organised,Medium,Press,Normal,Cover
10214,"2014-09-19 00:00:00",Balanced,Normal,Mixed,Organised,Normal,Normal,Normal,Organised,Medium,Press,Normal,Cover
10214,"2013-09-20 00:00:00",Balanced,Little,Mixed,Organised,Normal,Normal,Normal,Organised,Medium,Press,Normal,Cover
10215,"2015-09-10 00:00:00",Balanced,Normal,Mixed,Organised,Normal,Normal,Normal,Organised,Medium,Press,Normal,Cover
10215,"2014-09-19 00:00:00",Balanced,Normal,Mixed,Organised,Normal,Normal,Normal,Organised,Medium,Press,Normal,Cover
10215,"2013-09-20 00:00:00",Balanced,Little,Mixed,Organised,Normal,Normal,Normal,Organised,Medium,Press,Normal,Cover
10217,"2015-09-10 00:00:00",Balanced,Normal,Mixed,Organised,Normal,Normal,Normal,Organised,Medium,Press,Normal,Cover
10217,"2014-09-19 00:00:00",Balanced,Normal,Mixed,Organised,Normal,Normal,Normal,Organised,Medium,Press,Normal,Cover
10217,"2013-09-20 00:00:00",Balanced,Little,Mixed,Organised,Normal,Normal,Normal,Organised,Medium,Press,Normal,Cover
10218,"2015-09-10 00:00:00",Balanced,Normal,Long,Organised,Normal,Normal,Normal,Organised,Deep,Press,Normal,Cover
10219,"2014-09-19 00:00:00",Balanced,Little,Mixed,Organised,Normal,Normal,Normal,Organised,Deep,Contain,Normal,Cover
10219,"2013-09-20 00:00:00",Balanced,Little,Mixed,Organised,Normal,Normal,Normal,Organised,Deep,Contain,Normal,Cover
10228,"2015-09-10 00:00:00",Balanced,Normal,Mixed,Organised,Normal,Normal,Normal,Organised,Medium,Press,Normal,Cover
10228,"2014-09-19 00:00:00",Balanced,Normal,Mixed,Organised,Normal,Normal,Normal,Organised,Medium,Press,Normal,Cover
10228,"2013-09-20 00:00:00",Balanced,Little,Mixed,Organised,Normal,Normal,Normal,Organised,Medium,Press,Normal,Cover
10229,"2015-09-10 00:00:00",Balanced,Normal,Mixed,Organised,Risky,Normal,Normal,Organised,Medium,Press,Normal,Cover
10229,"2014-09-19 00:00:00",Balanced,Normal,Mixed,Organised,Normal,Normal,Normal,Free Form,Medium,Press,Normal,Cover
10229,"2013-09-20 00:00:00",Balanced,Little,Mixed,Organised,Risky,Normal,Normal,Organised,Medium,Press,Normal,Cover
10233,"2015-09-10 00:00:00",Balanced,Normal,Long,Organised,Normal,Normal,Little,Organised,Deep,Press,Normal,Cover
10233,"2014-09-19 00:00:00",Balanced,Normal,Long,Organised,Normal,Normal,Normal,Organised,Deep,Press,Normal,Cover
10233,"2013-09-20 00:00:00",Balanced,Little,Mixed,Organised,Normal,Lots,Normal,Organised,Medium,Press,Normal,Offside Trap
10235,"2015-09-10 00:00:00",Balanced,Little,Mixed,Organised,Normal,Lots,Little,Organised,Medium,Press,Normal,Cover
10235,"2014-09-19 00:00:00",Balanced,Normal,Mixed,Organised,Normal,Lots,Normal,Organised,Medium,Press,Normal,Cover
10235,"2013-09-20 00:00:00",Balanced,Little,Mixed,Organised,Normal,Normal,Normal,Organised,Medium,Press,Normal,Cover
10238,"2015-09-10 00:00:00",Balanced,Normal,Mixed,Organised,Normal,Normal,Normal,Organised,Medium,Press,Normal,Cover
10238,"2014-09-19 00:00:00",Balanced,Normal,Mixed,Organised,Normal,Normal,Normal,Organised,Medium,Press,Normal,Cover
10238,"2013-09-20 00:00:00",Balanced,Little,Mixed,Organised,Normal,Normal,Normal,Organised,Medium,Press,Normal,Cover
10242,"2015-09-10 00:00:00",Balanced,Normal,Mixed,Organised,Normal,Normal,Normal,Organised,Medium,Press,Normal,Cover
10242,"2014-09-19 00:00:00",Balanced,Normal,Mixed,Organised,Normal,Normal,Normal,Organised,Medium,Press,Normal,Cover
10242,"2013-09-20 00:00:00",Balanced,Little,Mixed,Organised,Normal,Normal,Normal,Organised,Medium,Press,Normal,Cover
10243,"2015-09-10 00:00:00",Balanced,Normal,Mixed,Organised,Normal,Normal,Normal,Organised,Medium,Press,Normal,Cover
10243,"2014-09-19 00:00:00",Balanced,Normal,Mixed,Organised,Normal,Normal,Normal,Organised,Medium,Press,Normal,Cover
10243,"2013-09-20 00:00:00",Balanced,Little,Mixed,Organised,Normal,Normal,Normal,Organised,Medium,Press,Normal,Cover
10249,"2015-09-10 00:00:00",Balanced,Normal,Mixed,Organised,Normal,Normal,Normal,Organised,Medium,Press,Normal,Cover
10249,"2014-09-19 00:00:00",Balanced,Normal,Mixed,Organised,Normal,Normal,Normal,Organised,Medium,Press,Normal,Cover
10249,"2013-09-20 00:00:00",Balanced,Little,Mixed,Organised,Normal,Normal,Normal,Organised,Medium,Press,Normal,Cover
10251,"2014-09-19 00:00:00",Balanced,Normal,Mixed,Organised,Normal,Normal,Normal,Organised,Medium,Press,Normal,Cover
10251,"2013-09-20 00:00:00",Balanced,Little,Mixed,Organised,Normal,Normal,Normal,Organised,Medium,Press,Normal,Cover
10252,"2015-09-10 00:00:00",Balanced,Normal,Mixed,Organised,Normal,Normal,Normal,Organised,Medium,Press,Normal,Cover
10252,"2014-09-19 00:00:00",Balanced,Little,Long,Organised,Normal,Normal,Normal,Organised,Medium,Press,Normal,Cover
10252,"2013-09-20 00:00:00",Balanced,Little,Mixed,Organised,Normal,Normal,Normal,Organised,Medium,Press,Normal,Cover
10260,"2015-09-10 00:00:00",Balanced,Normal,Mixed,Organised,Normal,Normal,Normal,Organised,Medium,Press,Normal,Cover
10260,"2014-09-19 00:00:00",Balanced,Normal,Mixed,Organised,Normal,Lots,Normal,Organised,Medium,Press,Normal,Cover
10260,"2013-09-20 00:00:00",Balanced,Little,Mixed,Organised,Normal,Lots,Normal,Organised,Medium,Press,Normal,Cover
10261,"2015-09-10 00:00:00",Balanced,Normal,Mixed,Organised,Normal,Normal,Normal,Organised,Medium,Press,Normal,Cover
10261,"2014-09-19 00:00:00",Balanced,Little,Mixed,Organised,Normal,Normal,Normal,Organised,Medium,Press,Normal,Cover
10261,"2013-09-20 00:00:00",Balanced,Little,Long,Organised,Normal,Normal,Normal,Organised,Medium,Press,Normal,Cover
10264,"2015-09-10 00:00:00",Balanced,Normal,Mixed,Organised,Normal,Normal,Normal,Organised,Deep,Press,Normal,Cover
10264,"2014-09-19 00:00:00",Balanced,Normal,Mixed,Organised,Normal,Normal,Normal,Organised,Deep,Press,Normal,Cover
10264,"2013-09-20 00:00:00",Balanced,Little,Mixed,Organised,Normal,Normal,Normal,Organised,Deep,Press,Normal,Cover
10265,"2015-09-10 00:00:00",Slow,Normal,Mixed,Free Form,Safe,Normal,Little,Free Form,Medium,Press,Normal,Cover
10265,"2014-09-19 00:00:00",Balanced,Normal,Mixed,Organised,Normal,Normal,Normal,Organised,Medium,Press,Normal,Cover
10265,"2013-09-20 00:00:00",Slow,Little,Short,Organised,Safe,Lots,Normal,Organised,Medium,Press,Normal,Cover
10267,"2015-09-10 00:00:00",Balanced,Normal,Mixed,Organised,Normal,Normal,Normal,Organised,Medium,Press,Normal,Cover
10267,"2014-09-19 00:00:00",Slow,Normal,Mixed,Organised,Normal,Normal,Normal,Organised,Medium,Press,Normal,Cover
10267,"2013-09-20 00:00:00",Slow,Little,Mixed,Organised,Normal,Normal,Normal,Organised,Medium,Press,Normal,Cover
10268,"2015-09-10 00:00:00",Balanced,Normal,Mixed,Organised,Normal,Normal,Normal,Organised,Medium,Press,Normal,Cover
10268,"2014-09-19 00:00:00",Balanced,Normal,Long,Organised,Normal,Normal,Normal,Organised,Medium,Press,Normal,Cover
10268,"2013-09-20 00:00:00",Balanced,Little,Long,Organised,Normal,Normal,Normal,Organised,Medium,Press,Normal,Cover
10269,"2015-09-10 00:00:00",Balanced,Normal,Mixed,Organised,Normal,Normal,Normal,Organised,Medium,Press,Narrow,Cover
10269,"2014-09-19 00:00:00",Balanced,Normal,Mixed,Organised,Normal,Normal,Normal,Organised,Medium,Press,Normal,Cover
10269,"2013-09-20 00:00:00",Balanced,Little,Mixed,Organised,Normal,Normal,Normal,Organised,Medium,Press,Normal,Cover
10278,"2014-09-19 00:00:00",Balanced,Normal,Mixed,Organised,Normal,Normal,Normal,Organised,Medium,Press,Normal,Cover
10278,"2013-09-20 00:00:00",Balanced,Little,Mixed,Organised,Normal,Normal,Normal,Organised,Medium,Press,Normal,Cover
10281,"2015-09-10 00:00:00",Balanced,Normal,Mixed,Organised,Normal,Normal,Normal,Organised,Medium,Press,Normal,Cover
10281,"2014-09-19 00:00:00",Balanced,Normal,Mixed,Organised,Normal,Lots,Normal,Organised,Medium,Press,Normal,Cover
10281,"2013-09-20 00:00:00",Balanced,Little,Mixed,Organised,Normal,Lots,Normal,Organised,Medium,Press,Normal,Cover
108893,"2015-09-10 00:00:00",Balanced,Normal,Mixed,Organised,Normal,Normal,Normal,Organised,Medium,Press,Normal,Cover
108893,"2014-09-19 00:00:00",Balanced,Normal,Mixed,Organised,Normal,Normal,Normal,Organised,Medium,Press,Normal,Cover
108893,"2013-09-20 00:00:00",Balanced,Little,Mixed,Organised,Normal,Normal,Normal,Organised,Medium,Press,Normal,Cover
158085,"2015-09-10 00:00:00",Balanced,Normal,Mixed,Organised,Normal,Normal,Normal,Organised,Medium,Press,Normal,Cover
158085,"2014-09-19 00:00:00",Fast,Normal,Mixed,Organised,Normal,Normal,Normal,Organised,Medium,Press,Normal,Cover
208931,"2015-09-10 00:00:00",Fast,Normal,Mixed,Organised,Risky,Normal,Normal,Organised,Deep,Press,Normal,Cover
208931,"2014-09-19 00:00:00",Slow,Normal,Short,Organised,Normal,Normal,Normal,Organised,Medium,Press,Normal,Cover
274581,"2015-09-10 00:00:00",Balanced,Normal,Mixed,Organised,Normal,Normal,Normal,Organised,Medium,Press,Normal,Cover
